vOTU	holin	endolysin	Rz-like spanin	lysis determining protein
SAMN02435859_p3	1	0	1	0
SAMN07192612_p2	1	0	1	0
SAMN07350480_p7	1	0	1	0
SAMN12288798_p2	1	0	1	0
SAMN17159947_p1	1	0	1	0
SAMN36689552_p1	1	0	1	0
SAMN40019047_p3	1	0	1	0
SAMN40160512_p3	1	0	1	0
SAMN45093038_p3	1	0	1	0
SAMN47931951_p1	1	0	1	0
SAMN56681718_p2	1	0	1	0
SAMD00041797_p3	1	1	1	0
SAMD00169732_p2	1	1	1	0
SAMD00178443_p1	1	1	1	0
SAMD00428689_p2	1	1	1	0
SAMEA115017710_p3	1	1	1	0
SAMEA115017867_p4	1	1	1	0
SAMEA115018381_p2	1	1	1	0
SAMEA115018432_p3	1	1	1	0
SAMEA115018494_p6	1	1	1	0
SAMEA115018499_p2	1	1	1	0
SAMEA115018504_p4	1	1	1	0
SAMEA12312935_p1	1	1	1	0
SAMEA2594004_p2	1	1	1	0
SAMEA7061706_p2	1	1	1	0
SAMEA8103036_p1	1	1	1	0
SAMN00989304_p3	1	1	1	0
SAMN02393817_p1	1	1	1	0
SAMN02470293_p2	1	1	1	0
SAMN02470441_p1	1	1	1	0
SAMN02708867_p2	1	1	1	0
SAMN02940923_p2	1	1	1	0
SAMN03021533_p4	1	1	1	0
SAMN03104881_p1	1	1	1	0
SAMN03280973_p2	1	1	1	0
SAMN03483372_p2	1	1	1	0
SAMN03571538_p3	1	1	1	0
SAMN03795179_p2	1	1	1	0
SAMN03996322_p6	1	1	1	0
SAMN04296647_p3	1	1	1	0
SAMN05302750_p2	1	1	1	0
SAMN05417988_p2	1	1	1	0
SAMN05418182_p1	1	1	1	0
SAMN06013680_p2	1	1	1	0
SAMN06013680_p3	1	1	1	0
SAMN06013685_p1	1	1	1	0
SAMN06013686_p1	1	1	1	0
SAMN06115650_p1	1	1	1	0
SAMN06169655_p2	1	1	1	0
SAMN06169655_p4	1	1	1	0
SAMN06184571_p1	1	1	1	0
SAMN06209376_p1	1	1	1	0
SAMN06484414_p1	1	1	1	0
SAMN07337847_p1	1	1	1	0
SAMN07337994_p1	1	1	1	0
SAMN07338005_p2	1	1	1	0
SAMN07338049_p1	1	1	1	0
SAMN07338106_p1	1	1	1	0
SAMN07338114_p2	1	1	1	0
SAMN07338168_p1	1	1	1	0
SAMN07350470_p2	1	1	1	0
SAMN07568193_p2	1	1	1	0
SAMN07739081_p3	1	1	1	0
SAMN07739081_p4	1	1	1	0
SAMN08634427_p1	1	1	1	0
SAMN08805478_p1	1	1	1	0
SAMN08810099_p2	1	1	1	0
SAMN08984076_p2	1	1	1	0
SAMN09208625_p1	1	1	1	0
SAMN09208625_p3	1	1	1	0
SAMN09355280_p2	1	1	1	0
SAMN09386759_p3	1	1	1	0
SAMN09386766_p4	1	1	1	0
SAMN09386781_p2	1	1	1	0
SAMN09386818_p2	1	1	1	0
SAMN09537147_p1	1	1	1	0
SAMN09662877_p2	1	1	1	0
SAMN10362062_p1	1	1	1	0
SAMN10362064_p3	1	1	1	0
SAMN10362072_p1	1	1	1	0
SAMN10362073_p1	1	1	1	0
SAMN10362347_p1	1	1	1	0
SAMN10397789_p1	1	1	1	0
SAMN10601626_p1	1	1	1	0
SAMN10702681_p3	1	1	1	0
SAMN10963619_p1	1	1	1	0
SAMN10970911_p1	1	1	1	0
SAMN11039182_p1	1	1	1	0
SAMN11287979_p2	1	1	1	0
SAMN11998571_p3	1	1	1	0
SAMN12057825_p1	1	1	1	0
SAMN12057861_p1	1	1	1	0
SAMN12057876_p1	1	1	1	0
SAMN12168583_p1	1	1	1	0
SAMN12168608_p3	1	1	1	0
SAMN12404565_p2	1	1	1	0
SAMN12604281_p2	1	1	1	0
SAMN12648260_p3	1	1	1	0
SAMN12648275_p1	1	1	1	0
SAMN12648275_p3	1	1	1	0
SAMN12648294_p1	1	1	1	0
SAMN12648298_p4	1	1	1	0
SAMN12648299_p1	1	1	1	0
SAMN12648299_p2	1	1	1	0
SAMN12648305_p3	1	1	1	0
SAMN12648312_p2	1	1	1	0
SAMN12648323_p2	1	1	1	0
SAMN12668396_p2	1	1	1	0
SAMN12670125_p3	1	1	1	0
SAMN12816916_p2	1	1	1	0
SAMN13023390_p2	1	1	1	0
SAMN13049604_p1	1	1	1	0
SAMN13404285_p1	1	1	1	0
SAMN13500476_p2	1	1	1	0
SAMN13500487_p2	1	1	1	0
SAMN13704165_p2	1	1	1	0
SAMN13897683_p3	1	1	1	0
SAMN13897693_p1	1	1	1	0
SAMN13897699_p1	1	1	1	0
SAMN14752702_p2	1	1	1	0
SAMN14944058_p4	1	1	1	0
SAMN14944065_p3	1	1	1	0
SAMN15206675_p1	1	1	1	0
SAMN15597503_p1	1	1	1	0
SAMN15654241_p1	1	1	1	0
SAMN15667311_p4	1	1	1	0
SAMN15763361_p1	1	1	1	0
SAMN15763361_p2	1	1	1	0
SAMN15763362_p1	1	1	1	0
SAMN15763365_p1	1	1	1	0
SAMN15818768_p3	1	1	1	0
SAMN16072611_p2	1	1	1	0
SAMN16268043_p1	1	1	1	0
SAMN17214697_p1	1	1	1	0
SAMN17214697_p3	1	1	1	0
SAMN17298282_p3	1	1	1	0
SAMN17298282_p4	1	1	1	0
SAMN17298289_p2	1	1	1	0
SAMN18238003_p1	1	1	1	0
SAMN18238027_p1	1	1	1	0
SAMN18238058_p2	1	1	1	0
SAMN18298673_p2	1	1	1	0
SAMN18298680_p2	1	1	1	0
SAMN18298690_p4	1	1	1	0
SAMN18298706_p3	1	1	1	0
SAMN18298710_p2	1	1	1	0
SAMN18298714_p1	1	1	1	0
SAMN18298716_p2	1	1	1	0
SAMN18298729_p5	1	1	1	0
SAMN18298730_p1	1	1	1	0
SAMN18298732_p2	1	1	1	0
SAMN18298736_p1	1	1	1	0
SAMN18385663_p2	1	1	1	0
SAMN19957696_p3	1	1	1	0
SAMN20805033_p1	1	1	1	0
SAMN20805038_p6	1	1	1	0
SAMN20805042_p1	1	1	1	0
SAMN20805042_p2	1	1	1	0
SAMN20805043_p1	1	1	1	0
SAMN20805043_p6	1	1	1	0
SAMN20805044_p5	1	1	1	0
SAMN20805069_p1	1	1	1	0
SAMN24372625_p1	1	1	1	0
SAMN24593212_p2	1	1	1	0
SAMN24593217_p7	1	1	1	0
SAMN24593218_p2	1	1	1	0
SAMN24593227_p3	1	1	1	0
SAMN24777693_p2	1	1	1	0
SAMN24777710_p1	1	1	1	0
SAMN24907452_p1	1	1	1	0
SAMN24907466_p1	1	1	1	0
SAMN24907466_p3	1	1	1	0
SAMN26741749_p4	1	1	1	0
SAMN26982640_p1	1	1	1	0
SAMN28494981_p2	1	1	1	0
SAMN28494981_p3	1	1	1	0
SAMN28494997_p1	1	1	1	0
SAMN28495001_p3	1	1	1	0
SAMN28495012_p4	1	1	1	0
SAMN28495016_p5	1	1	1	0
SAMN28495029_p3	1	1	1	0
SAMN28495032_p1	1	1	1	0
SAMN28495033_p1	1	1	1	0
SAMN28495034_p4	1	1	1	0
SAMN28495039_p2	1	1	1	0
SAMN28495049_p2	1	1	1	0
SAMN28495051_p1	1	1	1	0
SAMN28672590_p3	1	1	1	0
SAMN28672590_p4	1	1	1	0
SAMN28767221_p10	1	1	1	0
SAMN28767223_p1	1	1	1	0
SAMN28767227_p1	1	1	1	0
SAMN28767231_p1	1	1	1	0
SAMN28767244_p1	1	1	1	0
SAMN28767271_p6	1	1	1	0
SAMN28767313_p6	1	1	1	0
SAMN28767349_p1	1	1	1	0
SAMN29328593_p1	1	1	1	0
SAMN29395242_p2	1	1	1	0
SAMN30308487_p1	1	1	1	0
SAMN30418570_p2	1	1	1	0
SAMN30916808_p1	1	1	1	0
SAMN31132893_p2	1	1	1	0
SAMN31656038_p2	1	1	1	0
SAMN32406675_p2	1	1	1	0
SAMN32406675_p3	1	1	1	0
SAMN32406750_p2	1	1	1	0
SAMN32411288_p1	1	1	1	0
SAMN33268487_p1	1	1	1	0
SAMN33268487_p3	1	1	1	0
SAMN33423629_p1	1	1	1	0
SAMN33423629_p2	1	1	1	0
SAMN34315296_p2	1	1	1	0
SAMN34999117_p1	1	1	1	0
SAMN35298026_p2	1	1	1	0
SAMN35555508_p1	1	1	1	0
SAMN35555508_p2	1	1	1	0
SAMN35557954_p1	1	1	1	0
SAMN35628445_p1	1	1	1	0
SAMN36689559_p3	1	1	1	0
SAMN36689567_p2	1	1	1	0
SAMN36689570_p5	1	1	1	0
SAMN37977892_p1	1	1	1	0
SAMN38476522_p1	1	1	1	0
SAMN38494069_p2	1	1	1	0
SAMN38736038_p1	1	1	1	0
SAMN38736038_p3	1	1	1	0
SAMN39525491_p1	1	1	1	0
SAMN40160499_p1	1	1	1	0
SAMN40160521_p2	1	1	1	0
SAMN40453154_p1	1	1	1	0
SAMN40453155_p1	1	1	1	0
SAMN40560757_p3	1	1	1	0
SAMN40560757_p4	1	1	1	0
SAMN40561775_p1	1	1	1	0
SAMN40566114_p1	1	1	1	0
SAMN40571708_p2	1	1	1	0
SAMN40571795_p3	1	1	1	0
SAMN40571797_p2	1	1	1	0
SAMN40571798_p2	1	1	1	0
SAMN40573640_p3	1	1	1	0
SAMN40573830_p4	1	1	1	0
SAMN40574011_p2	1	1	1	0
SAMN40574063_p1	1	1	1	0
SAMN40575456_p1	1	1	1	0
SAMN40584489_p1	1	1	1	0
SAMN40584504_p3	1	1	1	0
SAMN40604354_p2	1	1	1	0
SAMN40627813_p1	1	1	1	0
SAMN40717405_p1	1	1	1	0
SAMN40717412_p2	1	1	1	0
SAMN40891661_p2	1	1	1	0
SAMN41079253_p1	1	1	1	0
SAMN41254067_p4	1	1	1	0
SAMN41254075_p5	1	1	1	0
SAMN41809262_p2	1	1	1	0
SAMN41809272_p2	1	1	1	0
SAMN41905141_p1	1	1	1	0
SAMN42940264_p2	1	1	1	0
SAMN42940265_p3	1	1	1	0
SAMN42940266_p2	1	1	1	0
SAMN43405762_p2	1	1	1	0
SAMN43405767_p4	1	1	1	0
SAMN44286666_p2	1	1	1	0
SAMN44286688_p1	1	1	1	0
SAMN44731497_p1	1	1	1	0
SAMN44841005_p1	1	1	1	0
SAMN45047349_p1	1	1	1	0
SAMN45842236_p1	1	1	1	0
SAMN46862179_p1	1	1	1	0
SAMN46862179_p2	1	1	1	0
SAMN47871284_p2	1	1	1	0
SAMN47931905_p1	1	1	1	0
SAMN48586870_p2	1	1	1	0
SAMN48586871_p5	1	1	1	0
SAMN48586876_p2	1	1	1	0
SAMN48586876_p3	1	1	1	0
SAMN48586876_p4	1	1	1	0
SAMN48586877_p1	1	1	1	0
SAMN48588020_p1	1	1	1	0
SAMN48588026_p3	1	1	1	0
SAMN48588238_p2	1	1	1	0
SAMN49797544_p3	1	1	1	0
SAMN49797556_p1	1	1	1	0
SAMN50800672_p2	1	1	1	0
SAMN50800681_p2	1	1	1	0
SAMN51861954_p1	1	1	1	0
SAMN52650543_p2	1	1	1	0
SAMN53475254_p2	1	1	1	0
SAMN53840721_p2	1	1	1	0
SAMN53906729_p2	1	1	1	0
SAMN53906732_p2	1	1	1	0
SAMN53906733_p2	1	1	1	0
SAMN54210353_p3	1	1	1	0
SAMN54210353_p4	1	1	1	0
SAMN55333177_p3	1	1	1	0
SAMN55333177_p4	1	1	1	0
SAMN56681712_p1	1	1	1	0
SAMN56917246_p3	1	1	1	0
SAMN56917247_p1	1	1	1	0
SAMN05418122_p1	0	0	1	0
SAMN14752703_p6	0	0	1	0
SAMN33237140_p2	0	0	1	0
SAMD00019138_p1	0	1	1	0
SAMD00428689_p1	0	1	1	0
SAMEA115017869_p2	0	1	1	0
SAMEA120785988_p2	0	1	1	0
SAMEA2594004_p1	0	1	1	0
SAMN02435867_p5	0	1	1	0
SAMN02470293_p4	0	1	1	0
SAMN02603960_p1	0	1	1	0
SAMN03178171_p4	0	1	1	0
SAMN04256437_p2	0	1	1	0
SAMN05172613_p1	0	1	1	0
SAMN05418054_p2	0	1	1	0
SAMN05418135_p2	0	1	1	0
SAMN05418219_p1	0	1	1	0
SAMN05418222_p2	0	1	1	0
SAMN05768151_p3	0	1	1	0
SAMN07350496_p1	0	1	1	0
SAMN07367890_p1	0	1	1	0
SAMN08329233_p1	0	1	1	0
SAMN09386766_p3	0	1	1	0
SAMN10963736_p4	0	1	1	0
SAMN11522370_p1	0	1	1	0
SAMN12057821_p1	0	1	1	0
SAMN12057824_p1	0	1	1	0
SAMN12668361_p2	0	1	1	0
SAMN13023392_p2	0	1	1	0
SAMN13023393_p3	0	1	1	0
SAMN13404277_p1	0	1	1	0
SAMN13404287_p1	0	1	1	0
SAMN13747351_p3	0	1	1	0
SAMN14214611_p2	0	1	1	0
SAMN15646506_p4	0	1	1	0
SAMN15646532_p2	0	1	1	0
SAMN17384693_p2	0	1	1	0
SAMN19957702_p2	0	1	1	0
SAMN24372623_p2	0	1	1	0
SAMN24593137_p1	0	1	1	0
SAMN24593227_p4	0	1	1	0
SAMN30916803_p2	0	1	1	0
SAMN32406564_p1	0	1	1	0
SAMN32406741_p1	0	1	1	0
SAMN32407619_p2	0	1	1	0
SAMN36689554_p3	0	1	1	0
SAMN38476540_p1	0	1	1	0
SAMN39715769_p4	0	1	1	0
SAMN40160518_p1	0	1	1	0
SAMN40453158_p1	0	1	1	0
SAMN42622379_p1	0	1	1	0
SAMN44286414_p2	0	1	1	0
SAMN44286691_p2	0	1	1	0
SAMN47436111_p1	0	1	1	0
SAMN51861946_p1	0	1	1	0
SAMN52950338_p1	0	1	1	0
SAMN18253121_p2	1	0	0	1
SAMN48588251_p2	1	0	0	1
SAMN52650543_p1	1	0	0	1
SAMN04296643_p2	1	0	0	0
SAMN05418248_p1	1	0	0	0
SAMN07739070_p1	1	0	0	0
SAMN10362060_p1	1	0	0	0
SAMN15763356_p1	1	0	0	0
SAMN16268016_p1	1	0	0	0
SAMN20804979_p1	1	0	0	0
SAMN28767274_p1	1	0	0	0
SAMN30916803_p1	1	0	0	0
SAMN40604357_p1	1	0	0	0
SAMN03799837_p2	1	1	0	1
SAMN04320555_p1	1	1	0	1
SAMN05195240_p1	1	1	0	1
SAMN12364842_p2	1	1	0	1
SAMN12838353_p1	1	1	0	1
SAMN13023390_p1	1	1	0	1
SAMN15206675_p2	1	1	0	1
SAMN15667311_p1	1	1	0	1
SAMN18253121_p4	1	1	0	1
SAMN18298701_p1	1	1	0	1
SAMN20805040_p1	1	1	0	1
SAMN28494991_p2	1	1	0	1
SAMN28495005_p3	1	1	0	1
SAMN28495009_p1	1	1	0	1
SAMN28495016_p2	1	1	0	1
SAMN28495021_p3	1	1	0	1
SAMN28495048_p1	1	1	0	1
SAMN28495052_p3	1	1	0	1
SAMN28495053_p2	1	1	0	1
SAMN28767221_p8	1	1	0	1
SAMN28767225_p2	1	1	0	1
SAMN28767247_p2	1	1	0	1
SAMN28767276_p4	1	1	0	1
SAMN29333275_p1	1	1	0	1
SAMN31656032_p1	1	1	0	1
SAMN35557946_p2	1	1	0	1
SAMN39606344_p2	1	1	0	1
SAMN39962933_p1	1	1	0	1
SAMN40571800_p1	1	1	0	1
SAMN40584213_p1	1	1	0	1
SAMN40584504_p1	1	1	0	1
SAMN40584520_p1	1	1	0	1
SAMN40717396_p1	1	1	0	1
SAMN40717398_p1	1	1	0	1
SAMN40891653_p1	1	1	0	1
SAMN48881381_p1	1	1	0	1
SAMN54210352_p1	1	1	0	1
SAMD00323053_p2	1	1	0	0
SAMEA120785982_p1	1	1	0	0
SAMEA3643325_p1	1	1	0	0
SAMEA4673371_p2	1	1	0	0
SAMEA7061698_p1	1	1	0	0
SAMN00265075_p1	1	1	0	0
SAMN02435867_p4	1	1	0	0
SAMN02435869_p2	1	1	0	0
SAMN02603666_p2	1	1	0	0
SAMN03571538_p1	1	1	0	0
SAMN05860636_p2	1	1	0	0
SAMN06198342_p1	1	1	0	0
SAMN06198347_p1	1	1	0	0
SAMN07338223_p1	1	1	0	0
SAMN07350489_p2	1	1	0	0
SAMN08982477_p2	1	1	0	0
SAMN08982483_p2	1	1	0	0
SAMN10360549_p1	1	1	0	0
SAMN10970912_p1	1	1	0	0
SAMN12057800_p1	1	1	0	0
SAMN12057805_p2	1	1	0	0
SAMN12057814_p1	1	1	0	0
SAMN12057860_p2	1	1	0	0
SAMN12057873_p2	1	1	0	0
SAMN12057875_p1	1	1	0	0
SAMN12057884_p1	1	1	0	0
SAMN12168580_p1	1	1	0	0
SAMN12168584_p1	1	1	0	0
SAMN12168619_p1	1	1	0	0
SAMN12169088_p1	1	1	0	0
SAMN12639444_p1	1	1	0	0
SAMN12648317_p3	1	1	0	0
SAMN13404287_p2	1	1	0	0
SAMN13704165_p3	1	1	0	0
SAMN13878423_p2	1	1	0	0
SAMN14081013_p2	1	1	0	0
SAMN14214611_p3	1	1	0	0
SAMN14944058_p2	1	1	0	0
SAMN15646505_p2	1	1	0	0
SAMN16072611_p1	1	1	0	0
SAMN18298695_p2	1	1	0	0
SAMN18961237_p2	1	1	0	0
SAMN20805065_p2	1	1	0	0
SAMN28495055_p3	1	1	0	0
SAMN29328604_p3	1	1	0	0
SAMN30916812_p4	1	1	0	0
SAMN31656026_p1	1	1	0	0
SAMN33396490_p1	1	1	0	0
SAMN36294848_p1	1	1	0	0
SAMN36689551_p1	1	1	0	0
SAMN36689567_p1	1	1	0	0
SAMN36689568_p2	1	1	0	0
SAMN36689569_p1	1	1	0	0
SAMN37977894_p1	1	1	0	0
SAMN38476534_p1	1	1	0	0
SAMN38476540_p3	1	1	0	0
SAMN39200978_p1	1	1	0	0
SAMN39832059_p1	1	1	0	0
SAMN39959875_p2	1	1	0	0
SAMN40160501_p2	1	1	0	0
SAMN40160521_p1	1	1	0	0
SAMN40160523_p1	1	1	0	0
SAMN40575477_p1	1	1	0	0
SAMN40584261_p2	1	1	0	0
SAMN40604318_p1	1	1	0	0
SAMN40627811_p1	1	1	0	0
SAMN41809252_p3	1	1	0	0
SAMN42500393_p2	1	1	0	0
SAMN49797553_p1	1	1	0	0
SAMN50800672_p1	1	1	0	0
SAMN53317748_p1	1	1	0	0
SAMN53840719_p3	1	1	0	0
SAMN54286609_p2	1	1	0	0
SAMN55338813_p1	1	1	0	0
SAMN56681726_p1	1	1	0	0
SAMD00019137_p1	0	1	0	0
SAMD00046905_p2	0	1	0	0
SAMD00428684_p1	0	1	0	0
SAMD00428687_p2	0	1	0	0
SAMD00553063_p2	0	1	0	0
SAMEA112157104_p2	0	1	0	0
SAMEA112157105_p2	0	1	0	0
SAMEA115015365_p2	0	1	0	0
SAMEA115018341_p2	0	1	0	0
SAMEA115018493_p5	0	1	0	0
SAMEA115018757_p1	0	1	0	0
SAMEA117660431_p4	0	1	0	0
SAMEA120785988_p1	0	1	0	0
SAMEA12312942_p1	0	1	0	0
SAMEA4530654_p1	0	1	0	0
SAMEA8103015_p1	0	1	0	0
SAMN02304133_p1	0	1	0	0
SAMN02368290_p1	0	1	0	0
SAMN02368294_p1	0	1	0	0
SAMN02393808_p2	0	1	0	0
SAMN02470293_p3	0	1	0	0
SAMN02470294_p1	0	1	0	0
SAMN02604302_p1	0	1	0	0
SAMN02741367_p3	0	1	0	0
SAMN02741374_p2	0	1	0	0
SAMN02741392_p3	0	1	0	0
SAMN02912085_p1	0	1	0	0
SAMN02912086_p1	0	1	0	0
SAMN02940923_p1	0	1	0	0
SAMN03195675_p3	0	1	0	0
SAMN03457164_p3	0	1	0	0
SAMN03470190_p2	0	1	0	0
SAMN03571538_p2	0	1	0	0
SAMN03799830_p2	0	1	0	0
SAMN03945150_p3	0	1	0	0
SAMN03996257_p1	0	1	0	0
SAMN03996261_p2	0	1	0	0
SAMN03996261_p3	0	1	0	0
SAMN04128477_p1	0	1	0	0
SAMN04221167_p1	0	1	0	0
SAMN04320555_p2	0	1	0	0
SAMN04358136_p3	0	1	0	0
SAMN05271497_p1	0	1	0	0
SAMN05302750_p3	0	1	0	0
SAMN05356867_p2	0	1	0	0
SAMN05417997_p1	0	1	0	0
SAMN05418030_p3	0	1	0	0
SAMN05418054_p1	0	1	0	0
SAMN05418078_p2	0	1	0	0
SAMN05418079_p3	0	1	0	0
SAMN05418117_p2	0	1	0	0
SAMN05418134_p1	0	1	0	0
SAMN05418134_p2	0	1	0	0
SAMN05418137_p1	0	1	0	0
SAMN05418137_p3	0	1	0	0
SAMN05418149_p1	0	1	0	0
SAMN05418176_p1	0	1	0	0
SAMN06013679_p1	0	1	0	0
SAMN06066420_p2	0	1	0	0
SAMN06076929_p1	0	1	0	0
SAMN06158907_p1	0	1	0	0
SAMN06209376_p2	0	1	0	0
SAMN06909310_p2	0	1	0	0
SAMN07337898_p1	0	1	0	0
SAMN07337992_p1	0	1	0	0
SAMN07337994_p3	0	1	0	0
SAMN07338013_p1	0	1	0	0
SAMN07338022_p2	0	1	0	0
SAMN07338087_p1	0	1	0	0
SAMN07350482_p1	0	1	0	0
SAMN08741621_p1	0	1	0	0
SAMN08810063_p1	0	1	0	0
SAMN09208625_p2	0	1	0	0
SAMN09355280_p1	0	1	0	0
SAMN09386758_p1	0	1	0	0
SAMN09737247_p1	0	1	0	0
SAMN09874178_p3	0	1	0	0
SAMN09878947_p3	0	1	0	0
SAMN10334306_p3	0	1	0	0
SAMN10334306_p4	0	1	0	0
SAMN10362060_p2	0	1	0	0
SAMN10362337_p1	0	1	0	0
SAMN10436686_p1	0	1	0	0
SAMN10702681_p2	0	1	0	0
SAMN11522363_p3	0	1	0	0
SAMN11522367_p1	0	1	0	0
SAMN12057836_p2	0	1	0	0
SAMN12057860_p1	0	1	0	0
SAMN12168603_p1	0	1	0	0
SAMN12364847_p3	0	1	0	0
SAMN12404565_p3	0	1	0	0
SAMN12645948_p1	0	1	0	0
SAMN12648259_p2	0	1	0	0
SAMN12648261_p1	0	1	0	0
SAMN12648275_p2	0	1	0	0
SAMN12648281_p1	0	1	0	0
SAMN12648294_p3	0	1	0	0
SAMN12648297_p3	0	1	0	0
SAMN12648303_p2	0	1	0	0
SAMN12648305_p2	0	1	0	0
SAMN12668376_p2	0	1	0	0
SAMN12668377_p3	0	1	0	0
SAMN12668380_p1	0	1	0	0
SAMN12668394_p11	0	1	0	0
SAMN12668394_p2	0	1	0	0
SAMN12668404_p1	0	1	0	0
SAMN13023390_p4	0	1	0	0
SAMN13336162_p1	0	1	0	0
SAMN13404284_p1	0	1	0	0
SAMN13500477_p1	0	1	0	0
SAMN13704164_p2	0	1	0	0
SAMN13706805_p1	0	1	0	0
SAMN13706869_p1	0	1	0	0
SAMN13747351_p4	0	1	0	0
SAMN14081013_p3	0	1	0	0
SAMN14087148_p1	0	1	0	0
SAMN14307063_p1	0	1	0	0
SAMN14533309_p1	0	1	0	0
SAMN14533316_p1	0	1	0	0
SAMN14852540_p2	0	1	0	0
SAMN14968934_p1	0	1	0	0
SAMN15597496_p1	0	1	0	0
SAMN15597501_p1	0	1	0	0
SAMN15763358_p1	0	1	0	0
SAMN15763361_p3	0	1	0	0
SAMN16587835_p2	0	1	0	0
SAMN17188296_p1	0	1	0	0
SAMN17225554_p5	0	1	0	0
SAMN17298298_p1	0	1	0	0
SAMN18298705_p1	0	1	0	0
SAMN18298707_p2	0	1	0	0
SAMN18298723_p3	0	1	0	0
SAMN18332103_p2	0	1	0	0
SAMN20804975_p3	0	1	0	0
SAMN20805043_p3	0	1	0	0
SAMN20805048_p1	0	1	0	0
SAMN20805055_p1	0	1	0	0
SAMN20805065_p3	0	1	0	0
SAMN21365011_p4	0	1	0	0
SAMN21399768_p4	0	1	0	0
SAMN22211694_p2	0	1	0	0
SAMN22346944_p1	0	1	0	0
SAMN22513949_p2	0	1	0	0
SAMN24593137_p3	0	1	0	0
SAMN24593211_p2	0	1	0	0
SAMN24593212_p4	0	1	0	0
SAMN24593214_p4	0	1	0	0
SAMN24593214_p5	0	1	0	0
SAMN24593215_p1	0	1	0	0
SAMN24593215_p2	0	1	0	0
SAMN24593218_p3	0	1	0	0
SAMN24593223_p2	0	1	0	0
SAMN24777698_p3	0	1	0	0
SAMN24907452_p4	0	1	0	0
SAMN24907460_p5	0	1	0	0
SAMN25050340_p2	0	1	0	0
SAMN26741402_p1	0	1	0	0
SAMN26982636_p1	0	1	0	0
SAMN28495021_p1	0	1	0	0
SAMN28511831_p1	0	1	0	0
SAMN28672590_p1	0	1	0	0
SAMN28767226_p2	0	1	0	0
SAMN28767271_p4	0	1	0	0
SAMN28767274_p2	0	1	0	0
SAMN28767294_p3	0	1	0	0
SAMN28767317_p2	0	1	0	0
SAMN28767342_p3	0	1	0	0
SAMN29395242_p3	0	1	0	0
SAMN29790235_p3	0	1	0	0
SAMN29790269_p2	0	1	0	0
SAMN29790272_p2	0	1	0	0
SAMN29790272_p3	0	1	0	0
SAMN29790272_p4	0	1	0	0
SAMN29790272_p5	0	1	0	0
SAMN29790273_p3	0	1	0	0
SAMN30418558_p1	0	1	0	0
SAMN31656011_p1	0	1	0	0
SAMN31656012_p3	0	1	0	0
SAMN32300845_p2	0	1	0	0
SAMN32300851_p2	0	1	0	0
SAMN32400338_p1	0	1	0	0
SAMN32406232_p1	0	1	0	0
SAMN32407627_p1	0	1	0	0
SAMN32407638_p1	0	1	0	0
SAMN32407788_p1	0	1	0	0
SAMN32755641_p2	0	1	0	0
SAMN33268487_p2	0	1	0	0
SAMN33330965_p2	0	1	0	0
SAMN33774569_p1	0	1	0	0
SAMN35346012_p2	0	1	0	0
SAMN35555507_p1	0	1	0	0
SAMN37260050_p3	0	1	0	0
SAMN37830366_p1	0	1	0	0
SAMN38736038_p2	0	1	0	0
SAMN39105730_p2	0	1	0	0
SAMN39606781_p1	0	1	0	0
SAMN39716327_p2	0	1	0	0
SAMN39716331_p1	0	1	0	0
SAMN39716331_p2	0	1	0	0
SAMN39783949_p3	0	1	0	0
SAMN39832058_p1	0	1	0	0
SAMN40032386_p1	0	1	0	0
SAMN40198115_p1	0	1	0	0
SAMN40232154_p1	0	1	0	0
SAMN40566047_p2	0	1	0	0
SAMN40571795_p2	0	1	0	0
SAMN40571841_p2	0	1	0	0
SAMN40643599_p2	0	1	0	0
SAMN40891646_p1	0	1	0	0
SAMN41000926_p1	0	1	0	0
SAMN41079251_p2	0	1	0	0
SAMN41107815_p2	0	1	0	0
SAMN41809259_p1	0	1	0	0
SAMN41842413_p3	0	1	0	0
SAMN41920669_p2	0	1	0	0
SAMN41920674_p6	0	1	0	0
SAMN41920687_p1	0	1	0	0
SAMN42149892_p1	0	1	0	0
SAMN42149898_p2	0	1	0	0
SAMN42940231_p5	0	1	0	0
SAMN42940244_p1	0	1	0	0
SAMN43405766_p1	0	1	0	0
SAMN44771342_p1	0	1	0	0
SAMN44841005_p2	0	1	0	0
SAMN45842239_p2	0	1	0	0
SAMN45864672_p1	0	1	0	0
SAMN45864672_p2	0	1	0	0
SAMN47436111_p2	0	1	0	0
SAMN47436122_p1	0	1	0	0
SAMN47436124_p2	0	1	0	0
SAMN48586870_p1	0	1	0	0
SAMN48586871_p2	0	1	0	0
SAMN48586871_p4	0	1	0	0
SAMN48586872_p1	0	1	0	0
SAMN48586875_p2	0	1	0	0
SAMN48586876_p5	0	1	0	0
SAMN50434722_p1	0	1	0	0
SAMN50800673_p1	0	1	0	0
SAMN50800691_p1	0	1	0	0
SAMN52950332_p3	0	1	0	0
SAMN53258651_p1	0	1	0	0
SAMN53317749_p1	0	1	0	0
SAMN53840714_p1	0	1	0	0
SAMN53840715_p2	0	1	0	0
SAMN53840719_p4	0	1	0	0
SAMN53840730_p1	0	1	0	0
SAMN55333167_p1	0	1	0	0
SAMN55333169_p2	0	1	0	0
SAMN55846946_p3	0	1	0	0
SAMN55846947_p1	0	1	0	0
SAMN56917198_p2	0	1	0	0
SAMN56917237_p2	0	1	0	0
SAMN05417988_p1	0	0	0	0
SAMN05418228_p1	0	0	0	0
SAMN02470506_p1	0	0	0	0
SAMN05418224_p1	0	0	0	0
SAMN05418239_p1	0	0	0	0
SAMN05418119_p2	0	0	0	0
SAMN05418245_p1	0	0	0	0
SAMN05418143_p2	0	0	0	0
SAMN03104872_p2	0	0	0	0
SAMN42940246_p2	0	0	0	0
SAMN28767305_p2	0	0	0	0
SAMN40604319_p1	0	0	0	0
SAMN15755100_p1	0	0	0	0
SAMN14861780_p3	0	0	0	0
SAMN32407620_p2	0	0	0	0
SAMN02470507_p2	0	0	0	0
SAMN05418089_p1	0	0	0	0
SAMN22346950_p2	0	0	0	0
SAMN06110496_p1	0	0	0	0
SAMN02472128_p1	0	0	0	0
SAMN10362062_p3	0	0	0	0
SAMN05768151_p1	0	0	0	0
SAMN32610147_p3	0	0	0	0
SAMN05418237_p1	0	0	0	0
SAMN53906747_p2	0	0	0	0
SAMN24372623_p1	0	0	0	0
SAMN07338103_p2	0	0	0	0
SAMN35557944_p1	0	0	0	0
SAMN02712353_p6	0	0	0	0
SAMN52217892_p1	0	0	0	0
SAMN18298726_p2	0	0	0	0
SAMN41905203_p2	0	0	0	0
SAMN40627812_p2	0	0	0	0
SAMN28767317_p4	0	0	0	0
SAMN04508217_p2	0	0	0	0
SAMN05860643_p1	0	0	0	0
SAMN18298672_p3	0	0	0	0
SAMN01923895_p2	0	0	0	0
SAMN32218570_p1	0	0	0	0
SAMN05418144_p1	0	0	0	0
SAMN11937831_p4	0	0	0	0
SAMN05172610_p1	0	0	0	0
SAMN41905203_p1	0	0	0	0
SAMN07337847_p2	0	0	0	0
SAMN02368321_p1	0	0	0	0
SAMN39716325_p4	0	0	0	0
SAMEA117551943_p1	0	0	0	0
SAMN44286686_p1	0	0	0	0
SAMN40604373_p1	0	0	0	0
SAMN02470483_p2	0	0	0	0
SAMN09270229_p3	0	0	0	0
SAMN41920674_p3	0	0	0	0
SAMN02368286_p3	0	0	0	0
SAMN40571705_p2	0	0	0	0
SAMN05418042_p1	0	0	0	0
SAMN07338191_p4	0	0	0	0
SAMN39962933_p3	0	0	0	0
SAMN40584504_p2	0	0	0	0
SAMN02741374_p3	0	0	0	0
SAMN20982394_p1	0	0	0	0
SAMN37503413_p3	0	0	0	0
SAMN24907464_p1	0	0	0	0
SAMN12816916_p3	0	0	0	0
SAMN04349756_p1	0	0	0	0
SAMN28495048_p3	0	0	0	0
SAMN42940264_p3	0	0	0	0
SAMN28495037_p2	0	0	0	0
SAMN29790240_p2	0	0	0	0
SAMN10880809_p3	0	0	0	0
SAMN18298672_p1	0	0	0	0
SAMN12648291_p2	0	0	0	0
SAMN40717405_p2	0	0	0	0
SAMN02368266_p3	0	0	0	0
SAMN33548586_p2	0	0	0	0
SAMN03996322_p2	0	0	0	0
SAMN05860636_p1	0	0	0	0
SAMN40584261_p1	0	0	0	0
SAMN41920658_p2	0	0	0	0
SAMN40604358_p1	0	0	0	0
SAMN32405628_p1	0	0	0	0
SAMN28495042_p1	0	0	0	0
SAMN53840710_p3	0	0	0	0
SAMN15597509_p3	0	0	0	0
SAMEA112324418_p1	0	0	0	0
SAMN09742605_p1	0	0	0	0
SAMN05302748_p2	0	0	0	0
SAMN28495011_p1	0	0	0	0
SAMN43825322_p3	0	0	0	0
SAMN05302750_p4	0	0	0	0
SAMN12648253_p1	0	0	0	0
SAMN15567610_p1	0	0	0	0
SAMN10362293_p2	0	0	0	0
SAMN40571837_p3	0	0	0	0
SAMN40584504_p4	0	0	0	0
SAMN40571705_p1	0	0	0	0
SAMN09386766_p2	0	0	0	0
SAMN08329236_p2	0	0	0	0
SAMN04441014_p3	0	0	0	0
SAMN15667309_p4	0	0	0	0
SAMN32411283_p2	0	0	0	0
SAMN28495007_p2	0	0	0	0
SAMN05935531_p1	0	0	0	0
SAMN10362184_p2	0	0	0	0
SAMN08329235_p1	0	0	0	0
SAMN28767216_p1	0	0	0	0
SAMN28494995_p2	0	0	0	0
SAMN02712351_p2	0	0	0	0
SAMN29790269_p4	0	0	0	0
SAMN29790243_p5	0	0	0	0
SAMN40717396_p4	0	0	0	0
SAMN18238040_p3	0	0	0	0
SAMN28767235_p2	0	0	0	0
SAMN16057398_p1	0	0	0	0
SAMN29790255_p3	0	0	0	0
SAMN32407669_p2	0	0	0	0
SAMN05935526_p1	0	0	0	0
SAMN30942188_p3	0	0	0	0
SAMN07338113_p1	0	0	0	0
SAMN40565714_p1	0	0	0	0
SAMN07338200_p2	0	0	0	0
SAMN56917243_p2	0	0	0	0
SAMN12434698_p2	0	0	0	0
SAMN53906728_p2	0	0	0	0
SAMN03795181_p2	0	0	0	0
SAMN32407635_p2	0	0	0	0
SAMN50800684_p3	0	0	0	0
SAMN32411345_p1	0	0	0	0
SAMN15889509_p1	0	0	0	0
SAMN26741749_p3	0	0	0	0
SAMN40571839_p2	0	0	0	0
SAMN15667316_p4	0	0	0	0
SAMN02368283_p1	0	0	0	0
SAMEA112157108_p2	0	0	0	0
SAMN18298731_p3	0	0	0	0
SAMN43405764_p1	0	0	0	0
SAMN18298697_p5	0	0	0	0
SAMN40571794_p1	0	0	0	0
SAMN39716334_p1	0	0	0	0
SAMN06066420_p1	0	0	0	0
SAMN39716322_p1	0	0	0	0
SAMN02910586_p2	0	0	0	0
SAMN02179882_p3	0	0	0	0
SAMN21355259_p1	0	0	0	0
SAMN13500486_p2	0	0	0	0
SAMN32411316_p3	0	0	0	0
SAMN15829766_p2	0	0	0	0
SAMN15667317_p3	0	0	0	0
SAMN20982446_p2	0	0	0	0
SAMN47931894_p3	0	0	0	0
SAMN52852906_p3	0	0	0	0
SAMN24777697_p1	0	0	0	0
SAMN07338026_p1	0	0	0	0
SAMEA112324421_p4	0	0	0	0
SAMN39962933_p7	0	0	0	0
SAMN32299956_p5	0	0	0	0
SAMN06917282_p2	0	0	0	0
SAMN03457164_p4	0	0	0	0
SAMN19769866_p1	0	0	0	0
SAMN32407258_p2	0	0	0	0
SAMN07338047_p2	0	0	0	0
SAMN35346011_p5	0	0	0	0
SAMN40584254_p1	0	0	0	0
SAMN28495007_p3	0	0	0	0
SAMN39105913_p3	0	0	0	0
SAMN32407400_p3	0	0	0	0
SAMN18298722_p1	0	0	0	0
SAMN20805030_p1	0	0	0	0
SAMN07337904_p1	0	0	0	0
SAMN13023392_p3	0	0	0	0
SAMN09694269_p2	0	0	0	0
SAMN05418039_p2	0	0	0	0
SAMEA12312943_p1	0	0	0	0
SAMN40717398_p4	0	0	0	0
SAMN13023393_p2	0	0	0	0
SAMN56518618_p4	0	0	0	0
SAMN39606344_p3	0	0	0	0
SAMEA8103025_p3	0	0	0	0
SAMN29790268_p5	0	0	0	0
SAMN02746033_p1	0	0	0	0
SAMN24777680_p1	0	0	0	0
SAMN13023394_p1	0	0	0	0
SAMN15597501_p2	0	0	0	0
SAMN28767313_p3	0	0	0	0
SAMN04128477_p2	0	0	0	0
SAMN08329238_p2	0	0	0	0
SAMN40697797_p1	0	0	0	0
SAMN08329249_p2	0	0	0	0
SAMN04457467_p3	0	0	0	0
SAMN17298286_p1	0	0	0	0
SAMN26742818_p2	0	0	0	0
SAMN30916801_p1	0	0	0	0
SAMN37256235_p1	0	0	0	0
SAMN03104885_p2	0	0	0	0
SAMN06196908_p1	0	0	0	0
SAMN10360552_p2	0	0	0	0
SAMN12648317_p2	0	0	0	0
SAMN13704149_p1	0	0	0	0
SAMN36689564_p1	0	0	0	0
SAMN40160511_p1	0	0	0	0
SAMN52950331_p1	0	0	0	0
SAMN52950333_p1	0	0	0	0
SAMN56417361_p3	0	0	0	0
SAMD01620614_p1	0	0	0	0
SAMN40717393_p1	0	0	0	0
SAMN18298697_p4	0	0	0	0
SAMN18298707_p4	0	0	0	0
SAMN40560781_p3	0	0	0	0
SAMN40560850_p2	0	0	0	0
SAMN42940256_p3	0	0	0	0
SAMN10362060_p3	0	0	0	0
SAMN33278197_p2	0	0	0	0
SAMN42003083_p1	0	0	0	0
SAMN31656021_p5	0	0	0	0
SAMN52950332_p4	0	0	0	0
SAMN13897687_p1	0	0	0	0
SAMN36689570_p3	0	0	0	0
SAMN06013679_p2	0	0	0	0
SAMEA3443777_p2	0	0	0	0
SAMN05302751_p1	0	0	0	0
SAMN07337969_p1	0	0	0	0
SAMN07338101_p2	0	0	0	0
SAMN09878769_p1	0	0	0	0
SAMN12123413_p2	0	0	0	0
SAMN12671088_p2	0	0	0	0
SAMN28495028_p3	0	0	0	0
SAMN28767221_p7	0	0	0	0
SAMN28767356_p2	0	0	0	0
SAMN28767359_p1	0	0	0	0
SAMN40566039_p1	0	0	0	0
SAMN40891659_p2	0	0	0	0
SAMN41071121_p1	0	0	0	0
SAMN47931894_p1	0	0	0	0
SAMD00428691_p1	0	0	0	0
SAMN12169095_p1	0	0	0	0
SAMN21546519_p1	0	0	0	0
SAMN12168575_p1	0	0	0	0
SAMD00046757_p2	0	0	0	0
SAMN04320555_p3	0	0	0	0
SAMN07337856_p2	0	0	0	0
SAMN07338224_p2	0	0	0	0
SAMN15206675_p3	0	0	0	0
SAMN15597497_p1	0	0	0	0
SAMN15667313_p1	0	0	0	0
SAMN18298686_p4	0	0	0	0
SAMN18298688_p1	0	0	0	0
SAMN18298691_p1	0	0	0	0
SAMN18298708_p4	0	0	0	0
SAMN18298720_p1	0	0	0	0
SAMN20805070_p1	0	0	0	0
SAMN20982445_p1	0	0	0	0
SAMN24245020_p3	0	0	0	0
SAMN24777669_p1	0	0	0	0
SAMN24777698_p2	0	0	0	0
SAMN28495044_p1	0	0	0	0
SAMN28495054_p1	0	0	0	0
SAMN28495058_p1	0	0	0	0
SAMN28767209_p2	0	0	0	0
SAMN28767230_p5	0	0	0	0
SAMN28767241_p2	0	0	0	0
SAMN29790256_p1	0	0	0	0
SAMN32406237_p1	0	0	0	0
SAMN32406394_p3	0	0	0	0
SAMN32407399_p1	0	0	0	0
SAMN32407413_p2	0	0	0	0
SAMN34128360_p1	0	0	0	0
SAMN39105730_p1	0	0	0	0
SAMN40560781_p2	0	0	0	0
SAMN40566081_p2	0	0	0	0
SAMN40573877_p1	0	0	0	0
SAMN40584483_p1	0	0	0	0
SAMN40717398_p3	0	0	0	0
SAMN40891653_p2	0	0	0	0
SAMN41079250_p1	0	0	0	0
SAMN41920696_p1	0	0	0	0
SAMN47772594_p2	0	0	0	0
SAMN47931905_p2	0	0	0	0
SAMN48484929_p2	0	0	0	0
SAMN48588012_p1	0	0	0	0
SAMN48588016_p1	0	0	0	0
SAMN53840714_p3	0	0	0	0
SAMN56518618_p1	0	0	0	0
SAMN56917242_p2	0	0	0	0
SAMN02708867_p1	0	0	0	0
SAMN06013691_p2	0	0	0	0
SAMN02712353_p3	0	0	0	0
SAMN06013688_p2	0	0	0	0
SAMN34315296_p1	0	0	0	0
SAMN40160509_p2	0	0	0	0
SAMN40160524_p1	0	0	0	0
SAMN56501506_p2	0	0	0	0
SAMN56501511_p3	0	0	0	0
SAMN56681722_p1	0	0	0	0
SAMN29939551_p1	0	0	0	0
SAMEA7060543_p1	0	0	0	0
SAMN17214697_p2	0	0	0	0
SAMN28767239_p4	0	0	0	0
SAMN39962933_p5	0	0	0	0
SAMN40584503_p2	0	0	0	0
SAMN44286534_p2	0	0	0	0
SAMN56917242_p1	0	0	0	0
SAMN12288745_p1	0	0	0	0
SAMN14923070_p3	0	0	0	0
SAMEA112324424_p1	0	0	0	0
SAMN35346012_p3	0	0	0	0
SAMN19957698_p1	0	0	0	0
SAMN45916484_p1	0	0	0	0
SAMN12364843_p3	0	0	0	0
SAMN16560730_p3	0	0	0	0
SAMN28495056_p3	0	0	0	0
SAMN39716348_p1	0	0	0	0
SAMN05418043_p6	0	0	0	0
SAMN10688326_p2	0	0	0	0
SAMN12668393_p3	0	0	0	0
SAMN02252525_p1	0	0	0	0
SAMN10334306_p2	0	0	0	0
SAMN41842413_p1	0	0	0	0
SAMN53317748_p2	0	0	0	0
SAMN12648298_p3	0	0	0	0
SAMN16844329_p1	0	0	0	0
SAMN05418043_p5	0	0	0	0
SAMN02603672_p1	0	0	0	0
SAMN02603955_p2	0	0	0	0
SAMN44286666_p1	0	0	0	0
SAMEA8103032_p3	0	0	0	0
SAMN02368280_p2	0	0	0	0
SAMN02471131_p2	0	0	0	0
SAMN03452290_p2	0	0	0	0
SAMN04523674_p2	0	0	0	0
SAMN07338202_p5	0	0	0	0
SAMN09742665_p1	0	0	0	0
SAMN11547079_p2	0	0	0	0
SAMN24777688_p3	0	0	0	0
SAMN28495058_p3	0	0	0	0
SAMN28767253_p4	0	0	0	0
SAMN29328586_p2	0	0	0	0
SAMN32406563_p3	0	0	0	0
SAMN33330974_p4	0	0	0	0
SAMN53839611_p3	0	0	0	0
SAMN53840712_p3	0	0	0	0
SAMN07337872_p3	0	0	0	0
SAMN07338045_p2	0	0	0	0
SAMN48586871_p1	0	0	0	0
SAMN48586871_p3	0	0	0	0
SAMN03323919_p1	0	0	0	0
SAMN31656038_p4	0	0	0	0
SAMN31841003_p3	0	0	0	0
SAMN12668393_p1	0	0	0	0
SAMN06105395_p1	0	0	0	0
SAMN06105395_p3	0	0	0	0
