SAMN35557946_p2	SAMN35557946_p2,SAMN44841002_p4,SAMN03945146_p2,SAMN02368257_p4,SAMN02368256_p2,SAMN16057424_p2,SAMN03941073_p1,SAMN40891096_p3,SAMN40891092_p2,SAMN40891084_p2,SAMEA8103025_p2,SAMN11547027_p1,SAMN04145926_p2,SAMEA8103018_p2,SAMEA112324431_p2,SAMN16057386_p2,SAMN55846949_p2,SAMN12364845_p3,SAMN06163187_p3,SAMN06162268_p3,SAMN05890675_p2,SAMN12364841_p1,SAMN40891661_p1,SAMN29790239_p2,SAMN02712353_p5,SAMN55968925_p1,SAMN11547068_p1,SAMD00816383_p1,SAMN29790260_p3,SAMN11547022_p1,SAMN07337989_p3,SAMN07337862_p3,SAMN07337969_p4,SAMN54286599_p3,SAMN06169655_p1,SAMN03358816_p1,SAMN54286602_p3,SAMN43407143_p1
SAMN04088220_p3	SAMN04088220_p3
SAMN29333275_p1	SAMN29333275_p1,SAMN18298729_p1,SAMN50800683_p2,SAMN33548586_p1,SAMN56917241_p3,SAMN40571837_p2,SAMN40573830_p2,SAMN28495015_p5,SAMN20982581_p1,SAMN28494997_p3,SAMN28494995_p1,SAMN12648291_p3,SAMN50800690_p2,SAMN28767240_p3,SAMN28495034_p3,SAMN28495027_p1,SAMN47931894_p4,SAMN28767268_p5,SAMN28495041_p2,SAMN28495007_p4,SAMN41000926_p4,SAMN50800680_p1,SAMN40560843_p2,SAMN28495003_p2,SAMN44286636_p2,SAMN04088220_p1,SAMN04088219_p1,SAMN18298706_p1,SAMN28495026_p2
SAMN39606344_p2	SAMN39606344_p2,SAMN17225554_p3,SAMN56917237_p1,SAMN18298718_p2,SAMN18298715_p3,SAMN28495058_p2,SAMN28494985_p1,SAMN41920658_p1,SAMN03280974_p1,SAMN03280973_p1,SAMN48588248_p1,SAMN48588024_p1,SAMN48588021_p2,SAMN43550337_p3,SAMN28767237_p7,SAMN43405767_p2,SAMN28767273_p3,SAMN28767264_p3
SAMN28495016_p2	SAMN28495016_p2,SAMN28495035_p3,SAMN43405763_p1,SAMN28767253_p2,SAMN28495028_p1,SAMN03996337_p1,SAMEA112157105_p3
SAMN40584213_p1	SAMN40584213_p1,SAMN40573968_p1,SAMN40573876_p1,SAMN18298697_p2,SAMN28767317_p3,SAMN56917246_p2,SAMN40565715_p1
SAMN44771342_p1	SAMN44771342_p1,SAMN44771359_p2
SAMN15206675_p2	SAMN15206675_p2,SAMN18298681_p3,SAMN18298681_p2
SAMN42149898_p2	SAMN42149898_p2
SAMN54210352_p1	SAMN54210352_p1,SAMN56917240_p3
SAMN28767225_p2	SAMN28767225_p2,SAMN28767226_p3,SAMN30000174_p1,SAMN40566081_p1,SAMN48588250_p1,SAMN28767242_p4,SAMN28495042_p3,SAMN41920669_p3,SAMN18298721_p1,SAMN28494992_p3,SAMN28767218_p1,SAMN28767217_p1,SAMN28767258_p2,SAMN28767215_p2,SAMN39962932_p1,SAMN18298689_p1,SAMN28767224_p1,SAMN28767221_p11
SAMN18253121_p4	SAMN18253121_p4
SAMN40584261_p2	SAMN40584261_p2
SAMN24907460_p5	SAMN24907460_p5
SAMN12364842_p2	SAMN12364842_p2,SAMN07338031_p2,SAMN42940235_p1
SAMN28494991_p2	SAMN28494991_p2,SAMN28767267_p2,SAMN28767266_p2,SAMN28494980_p1,SAMN41920679_p4,SAMN28494984_p4,SAMN03795179_p1,SAMN28495014_p2,SAMN28494987_p3,SAMN28495006_p4,SAMN28767255_p3,SAMN28767254_p2,SAMN28494981_p4,SAMN28495022_p5,SAMN18298716_p3,SAMN12668396_p3
SAMN15597501_p1	SAMN15597501_p1,SAMN07338012_p2,SAMN35563661_p2,SAMN18385664_p2,SAMN18385663_p1,SAMN18385662_p2,SAMN18385660_p2,SAMN18385658_p2,SAMN18385657_p2,SAMN03580732_p1,SAMN18298681_p1,SAMN28767221_p4
SAMN28495009_p1	SAMN28495009_p1,SAMN28495050_p1,SAMN28494999_p1,SAMN28494994_p1
SAMN28495052_p3	SAMN28495052_p3,SAMN28767216_p3,SAMN37503413_p4,SAMN12668392_p2,SAMN18298731_p2
SAMN18298701_p1	SAMN18298701_p1,SAMEA112157104_p3
SAMN28495005_p3	SAMN28495005_p3,SAMN28495001_p1,SAMN18298683_p4,SAMN28495044_p2
SAMN40584520_p1	SAMN40584520_p1,SAMEA112157107_p2,SAMN40584486_p1
SAMN28495048_p1	SAMN28495048_p1,SAMN28495047_p1
SAMN40717396_p1	SAMN40717396_p1
SAMN13023392_p2	SAMN13023392_p2
SAMN40571800_p1	SAMN40571800_p1,SAMN40573639_p2,SAMN18298734_p2,SAMN28767339_p2
SAMN05195240_p1	SAMN05195240_p1
SAMN40891653_p1	SAMN40891653_p1
SAMN28767247_p2	SAMN28767247_p2,SAMN28767248_p2
SAMN42940244_p1	SAMN42940244_p1,SAMN06161405_p3
SAMN40584504_p1	SAMN40584504_p1,SAMN40566114_p2,SAMN40575548_p2,SAMN40560812_p2,SAMN12668395_p1,SAMN41920696_p2,SAMN28494984_p1,SAMN28495037_p1,SAMN53840722_p3,SAMN28767271_p1,SAMN28767235_p1,SAMN18298733_p2,SAMN40561044_p2,SAMN18298712_p1,SAMN28767237_p1,SAMN40584521_p1,SAMN41920669_p4,SAMN41920674_p2,SAMN18298720_p3,SAMN18298719_p3,SAMN14091514_p1,SAMN15667314_p1,SAMN48588242_p2,SAMN20982432_p1,SAMN16383616_p1
SAMN48881381_p1	SAMN48881381_p1
SAMN04320555_p1	SAMN04320555_p1
SAMN13023390_p1	SAMN13023390_p1
SAMN03799837_p2	SAMN03799837_p2,SAMN28767220_p4
SAMN28767276_p4	SAMN28767276_p4,SAMN28767275_p1,SAMN28495055_p4,SAMN28495029_p1,SAMN28494990_p3,SAMN28494979_p2,SAMN24245020_p2
SAMN28767221_p8	SAMN28767221_p8
SAMN40717398_p1	SAMN40717398_p1
SAMN47436111_p1	SAMN47436111_p1,SAMN47436114_p3,SAMN08330869_p1,SAMN32411304_p1,SAMN17225431_p1,SAMN13893117_p4,SAMN09270178_p1
SAMN08329249_p2	SAMN08329249_p2
SAMN20805040_p1	SAMN20805040_p1
SAMN12838353_p1	SAMN12838353_p1
SAMN03178171_p4	SAMN03178171_p4
SAMN13404287_p1	SAMN13404287_p1
SAMN52950338_p1	SAMN52950338_p1,SAMN08982493_p2,SAMN03483416_p4,SAMN08982514_p1,SAMN39105912_p1,SAMN08982495_p2,SAMN14944112_p1,SAMN08984081_p2
SAMN40453158_p1	SAMN40453158_p1,SAMN29790237_p2
SAMN13747351_p3	SAMN13747351_p3,SAMN13747316_p1,SAMN03107385_p3
SAMN39715769_p4	SAMN39715769_p4,SAMN54286549_p3,SAMN02741384_p2,SAMN26343542_p1,SAMN12648278_p1,SAMN55968926_p2,SAMN02946409_p1,SAMN03452289_p2
SAMN39962933_p1	SAMN39962933_p1,SAMN28495033_p3
SAMN19957702_p2	SAMN19957702_p2,SAMN19957696_p2,SAMN19957699_p1,SAMN19957700_p2
SAMN30916803_p2	SAMN30916803_p2
SAMN31656032_p1	SAMN31656032_p1,SAMN31656021_p2
SAMN02603960_p1	SAMN02603960_p1,SAMN02603672_p3
SAMN42622379_p1	SAMN42622379_p1
SAMN41920669_p2	SAMN41920669_p2,SAMN18298734_p1,SAMN40573639_p1,SAMN32300853_p1,SAMN28495003_p3,SAMN32407637_p4,SAMN32407636_p4,SAMN32407538_p3,SAMN11267087_p2,SAMN42940240_p6,SAMN28495004_p2,SAMN16057439_p3,SAMN03325855_p1,SAMN31132893_p3,SAMN04441023_p4,SAMN07338203_p2,SAMN32300851_p4,SAMN33268490_p2,SAMN56518618_p2,SAMN55333175_p6,SAMN50800692_p4
SAMN48588251_p2	SAMN48588251_p2
SAMN52650543_p1	SAMN52650543_p1
SAMN15667311_p1	SAMN15667311_p1
SAMD00041797_p3	SAMD00041797_p3
SAMN03457164_p3	SAMN03457164_p3,SAMN04441014_p2,SAMN54286590_p3,SAMN39783929_p3,SAMN26879536_p1,SAMN26879535_p1,SAMN26879534_p1,SAMN26879533_p1,SAMN26879532_p1,SAMN26879531_p1,SAMN26879530_p1,SAMN26879529_p1,SAMN26879528_p1,SAMN26879527_p1,SAMN26879526_p1,SAMN26879525_p1,SAMN26879524_p1,SAMN26879523_p1,SAMN26879522_p1,SAMN26879521_p1,SAMN26879520_p1,SAMN26879519_p1,SAMN26343545_p1,SAMN26343544_p1,SAMN26343542_p2,SAMN12364838_p2,SAMN05935538_p2,SAMN02435811_p1,SAMN05858278_p2,SAMN05858276_p1,SAMN05858280_p1,SAMN05858279_p1,SAMN05858275_p1,SAMN04441011_p2,SAMN04422010_p2,SAMN04377152_p2,SAMN04293498_p2,SAMN03452294_p2,SAMN03452293_p2,SAMN03452292_p1,SAMN03452291_p1,SAMN04358201_p3,SAMN04358135_p2,SAMN04358132_p4,SAMN03349612_p3,SAMN03349607_p2,SAMN03349604_p2,SAMN02204313_p1,SAMN26343546_p2,SAMN53361117_p2,SAMN53361116_p2,SAMN02368234_p3,SAMN02368233_p2,SAMN02179882_p2,SAMN03795185_p2,SAMN53906732_p3,SAMN04441013_p2,SAMEA110132198_p2,SAMEA110132197_p1,SAMEA110132196_p1,SAMN29637727_p3,SAMN04377087_p2,SAMN04377552_p2,SAMN09742582_p2,SAMEA8103032_p2,SAMN12648285_p2,SAMN02741370_p1,SAMN40891659_p3,SAMEA110132192_p1,SAMN12364844_p3,SAMN12364843_p1,SAMN03945153_p2,SAMN03945152_p1,SAMN03945151_p2,SAMN03945150_p2,SAMN03945149_p1,SAMN03945148_p1,SAMN03287765_p2,SAMN05195118_p1,SAMN03358839_p1,SAMN02368329_p1,SAMN02368326_p1,SAMN02368310_p1,SAMN02368308_p1,SAMN02189720_p1,SAMEA5851835_p1,SAMN09742577_p2,SAMEA8103030_p2,SAMEA8103027_p1,SAMN03349602_p1,SAMEA112324421_p3
SAMN18253121_p2	SAMN18253121_p2
SAMD00323053_p2	SAMD00323053_p2,SAMN12168617_p1,SAMN40160515_p1,SAMN11877824_p2,SAMN16072610_p2,SAMN56501507_p2,SAMN03104885_p1,SAMN16268017_p1,SAMN16268012_p2,SAMN16268010_p2,SAMN13897694_p2,SAMN13897690_p3,SAMN12136324_p1,SAMN04168691_p1,SAMN00622034_p1,SAMN47061651_p1,SAMN56501515_p5,SAMN16072619_p3,SAMN16072618_p3,SAMN16072617_p2,SAMN12168585_p2,SAMN56501517_p4,SAMN56501516_p4,SAMN56501514_p2,SAMN56501513_p1,SAMN56501512_p6,SAMN56501506_p1,SAMN52838569_p2,SAMN08984060_p2,SAMN08622871_p3,SAMN07350476_p2,SAMN07350474_p2,SAMN03488016_p2,SAMN03488013_p2,SAMN03488010_p2,SAMN12168983_p1,SAMN12168599_p1,SAMN15646603_p1,SAMN03996320_p2,SAMN47871283_p6,SAMN23296545_p1,SAMN12169095_p2,SAMN41254070_p1
SAMN14214611_p3	SAMN14214611_p3,SAMN12057815_p1,SAMN14752703_p7,SAMN28767355_p2,SAMN28767354_p2,SAMN28767353_p1,SAMN28767352_p2,SAMN15510354_p2,SAMN23961531_p1,SAMN12169087_p2,SAMN48634479_p1,SAMN16072609_p2,SAMN16072602_p1,SAMN11877822_p1,SAMN11877821_p1,SAMN11877820_p1,SAMN11877819_p1,SAMN11877818_p1,SAMN11877817_p1,SAMN16072595_p3,SAMN02393812_p2,SAMN49797543_p1,SAMN12168575_p3,SAMN48634482_p2,SAMN16805802_p2,SAMN16805801_p2,SAMN16805800_p1,SAMN16805799_p2,SAMN16805798_p1,SAMN16805797_p2,SAMN16805796_p1,SAMN16483972_p2,SAMN49797544_p1,SAMN53475254_p3,SAMN12057853_p3
SAMN39959875_p2	SAMN39959875_p2,SAMN47871298_p2,SAMN47871296_p2,SAMN39959877_p1,SAMN39959876_p3,SAMN47871285_p2,SAMN47871299_p3,SAMN47871297_p2,SAMN47871282_p1,SAMN47871292_p2,SAMN47871291_p2,SAMN47871289_p2,SAMN47871293_p2,SAMN47871287_p3,SAMN06606092_p1,SAMN03177521_p5,SAMN03652808_p1,SAMN03178184_p4,SAMN03178171_p6,SAMN03175443_p3
SAMN28495021_p3	SAMN28495021_p3
SAMN38476540_p3	SAMN38476540_p3,SAMN28767377_p1,SAMN07411659_p2,SAMN07367887_p2,SAMN29328605_p1,SAMN14418867_p2,SAMN13897710_p2,SAMN13897709_p3,SAMN13897708_p2,SAMN13897706_p1,SAMN13897705_p2,SAMN13897704_p2,SAMN13897703_p1,SAMN10360553_p2,SAMN16268028_p3,SAMN06484420_p2,SAMN03248306_p2,SAMN07350499_p2,SAMN07350489_p1,SAMN40032386_p4,SAMN49797553_p2,SAMN06483955_p1,SAMN06483920_p3,SAMN24501422_p1,SAMN53475255_p1,SAMN16072611_p4,SAMN56417377_p3,SAMN56417361_p1,SAMN56417287_p3,SAMN56417275_p3,SAMN05590422_p1,SAMN02470783_p1,SAMN02393813_p1,SAMN00989311_p1,SAMN02693884_p2,SAMN02435835_p2,SAMD00899488_p3,SAMEA104115281_p1,SAMN16268017_p3,SAMN13897690_p4,SAMN28767279_p3,SAMN11877823_p6,SAMN06196911_p4,SAMN06196910_p4,SAMN06196909_p4,SAMN06196906_p4,SAMN06192249_p4,SAMN06196907_p2,SAMN02393812_p3
SAMN12057805_p2	SAMN12057805_p2,SAMN28767277_p3,SAMN42500396_p2,SAMN12057802_p1,SAMN14214507_p1,SAMN14214506_p1,SAMN29328591_p1,SAMN37722527_p1,SAMN28767376_p1,SAMN08984087_p2,SAMN08984051_p2,SAMN50182397_p1,SAMN36689543_p1,SAMN02469605_p2,SAMN12057844_p1,SAMN13704148_p2,SAMN36689559_p4,SAMN12168576_p2,SAMN44524177_p1
SAMN44286534_p2	SAMN44286534_p2,SAMN56917241_p5,SAMN40561044_p1,SAMN40560812_p1,SAMN40560781_p1,SAMN40560813_p1,SAMN40584488_p1,SAMN18298725_p1,SAMN18298723_p1,SAMN18298690_p1,SAMN41079253_p2
SAMN40561775_p1	SAMN40561775_p1,SAMN14142485_p2
SAMN12648299_p1	SAMN12648299_p1
SAMEA3643325_p1	SAMEA3643325_p1,SAMN17221876_p1,SAMN17213680_p1,SAMN12057856_p1,SAMN05578961_p2,SAMN12057863_p1,SAMN12057869_p1,SAMN03488025_p2
SAMN32407638_p1	SAMN32407638_p1,SAMN11579496_p1,SAMN29790266_p3,SAMN29790265_p3,SAMN02189719_p1,SAMN15597511_p3,SAMN28767378_p1,SAMN39524512_p2,SAMN41071134_p3,SAMN05216829_p1,SAMN18298697_p1,SAMN28494991_p3,SAMN03799842_p1,SAMN04422051_p1,SAMN02741363_p2,SAMN02368323_p2,SAMN02368322_p1,SAMN14988329_p1,SAMN20395455_p1,SAMN28495040_p1,SAMN28494993_p3,SAMN42654510_p3,SAMN48588021_p1,SAMN17384693_p1,SAMN28495017_p3,SAMN40717410_p3,SAMN28767221_p6,SAMN28495014_p1,SAMN28495015_p4,SAMN02597369_p1,SAMN29790251_p2,SAMN03452299_p1,SAMN42940240_p1,SAMN26982642_p2,SAMN28494979_p1,SAMEA80450668_p1,SAMN18298702_p2,SAMN12648279_p1,SAMN40571771_p3,SAMN40571724_p2,SAMN40571849_p1,SAMN09742585_p1,SAMN07338131_p2,SAMN03945142_p2,SAMN55968931_p1,SAMN55968929_p1,SAMN02368288_p4,SAMN02368287_p4
SAMN06013679_p1	SAMN06013679_p1
SAMN21546519_p1	SAMN21546519_p1
SAMN38476534_p1	SAMN38476534_p1,SAMN38476536_p1,SAMN38476543_p1
SAMN12169088_p1	SAMN12169088_p1,SAMN41189537_p1
SAMN13878423_p2	SAMN13878423_p2,SAMN13878425_p2,SAMN40377900_p2
SAMN41920674_p6	SAMN41920674_p6,SAMN39962933_p6,SAMN28495029_p2,SAMN28494990_p4,SAMN28495055_p2,SAMN48586880_p1,SAMN39962930_p4
SAMN28767271_p4	SAMN28767271_p4
SAMN33330965_p2	SAMN33330965_p2,SAMN47871244_p1
SAMN04358136_p3	SAMN04358136_p3,SAMN04441023_p3,SAMN03996322_p5,SAMN02368317_p4,SAMN02368316_p3,SAMN03358832_p2,SAMN03452300_p1,SAMN03349608_p2,SAMN28495008_p3,SAMN44841004_p3,SAMN02368250_p4,SAMN05578016_p1,SAMN05578009_p2,SAMN02368247_p1,SAMN02368235_p1
SAMN42940264_p2	SAMN42940264_p2,SAMN07338162_p1
SAMN12057860_p2	SAMN12057860_p2,SAMN12648263_p2,SAMN56417377_p1,SAMN56417361_p2,SAMN56417287_p1,SAMN56417275_p1,SAMN02693887_p1
SAMN16072611_p1	SAMN16072611_p1
SAMN47871284_p2	SAMN47871284_p2,SAMEA3865288_p1,SAMEA120785978_p1,SAMN06606092_p2,SAMEA120785979_p1,SAMN07236662_p1,SAMN47871299_p2,SAMN47871298_p3,SAMN47871296_p1,SAMN47871293_p3,SAMN47871291_p3,SAMN47871285_p3,SAMN47871282_p2,SAMN39959876_p2,SAMN39959875_p3,SAMN47871292_p3,SAMN47871287_p2,SAMN39959877_p2,SAMN47871297_p3,SAMN03178218_p1,SAMN12604302_p1,SAMN12604281_p1,SAMN03178219_p2,SAMN03178171_p3,SAMN03177582_p3,SAMN47871289_p3,SAMN03652808_p2,SAMN03178184_p3,SAMN03177521_p1,SAMN03175443_p4,SAMEA120785993_p1,SAMN19374460_p1,SAMN19374473_p1,SAMN19374472_p1,SAMN19374471_p1,SAMN19374470_p1,SAMN19374469_p1,SAMN19374468_p1,SAMN19374467_p1,SAMN19374466_p1,SAMN19374465_p2,SAMN19374464_p2,SAMN19374463_p2,SAMN19374462_p2,SAMN19374461_p2,SAMN19374459_p2,SAMN03177549_p1
SAMN32407619_p2	SAMN32407619_p2
SAMN05417997_p1	SAMN05417997_p1
SAMN40604318_p1	SAMN40604318_p1,SAMN40604358_p2,SAMN40604353_p1,SAMN17298282_p1,SAMN03483332_p1,SAMN40604351_p2,SAMN40604354_p1
SAMEA112157104_p2	SAMEA112157104_p2,SAMEA8103010_p1,SAMN03996335_p1,SAMN02741354_p1,SAMN02741367_p1,SAMN06042543_p1,SAMN02252525_p2,SAMN55846927_p4,SAMN15597506_p1,SAMN02741392_p1,SAMN54286586_p2,SAMN54286582_p2,SAMN54286581_p3,SAMN39783928_p2,SAMN39715785_p3,SAMN39715762_p2,SAMN32407970_p1,SAMN32407539_p1,SAMN39783915_p2,SAMN07337982_p2,SAMN16057163_p2,SAMN16560732_p5,SAMN16560731_p5,SAMN16560730_p2,SAMN16560729_p5,SAMN16560728_p5,SAMN16560727_p5,SAMN16560726_p5,SAMN16560725_p5,SAMN16560724_p2,SAMN16560723_p2,SAMN16560722_p5,SAMN16560721_p5,SAMN16560720_p5,SAMN16560719_p4,SAMN16560718_p5,SAMN16560717_p2,SAMN16560716_p5,SAMN05195120_p3,SAMN05195070_p2,SAMN05195061_p2,SAMN05194683_p2,SAMN02597368_p2,SAMN02204307_p3,SAMN02204304_p2,SAMN02190055_p3,SAMN01923894_p2,SAMN03358826_p1,SAMN03358825_p1,SAMN02368275_p1,SAMN56518637_p2,SAMN56518626_p2
SAMN08982477_p2	SAMN08982477_p2,SAMN12057829_p1,SAMN40160499_p2,SAMN16268032_p3,SAMN08982525_p2,SAMN08982513_p1,SAMN08982502_p1
SAMN12057875_p1	SAMN12057875_p1
SAMEA8103015_p1	SAMEA8103015_p1,SAMN09742587_p1,SAMN12364845_p2,SAMN48588025_p3,SAMN42940241_p3,SAMN09742603_p2,SAMEA8103023_p2,SAMN07338193_p2
SAMN50434722_p1	SAMN50434722_p1
SAMN32755641_p2	SAMN32755641_p2
SAMN40717393_p1	SAMN40717393_p1
SAMN04128477_p1	SAMN04128477_p1,SAMN09874178_p1
SAMN13704165_p2	SAMN13704165_p2
SAMN12364847_p3	SAMN12364847_p3
SAMN03571538_p1	SAMN03571538_p1,SAMEA117660477_p2,SAMD00061075_p1,SAMN26741785_p1
SAMN12648323_p2	SAMN12648323_p2,SAMN05590437_p2,SAMN08984098_p2,SAMN12057854_p1,SAMN02693881_p3,SAMN02693884_p3,SAMN02435835_p3,SAMD00899488_p4
SAMD01620614_p1	SAMD01620614_p1
SAMN40575477_p1	SAMN40575477_p1
SAMN50800672_p1	SAMN50800672_p1
SAMN07739081_p3	SAMN07739081_p3
SAMN31132893_p2	SAMN31132893_p2
SAMN48588026_p3	SAMN48588026_p3
SAMN13023390_p2	SAMN13023390_p2
SAMN40627811_p1	SAMN40627811_p1
SAMEA115017869_p2	SAMEA115017869_p2,SAMN10362292_p2
SAMN13336162_p1	SAMN13336162_p1
SAMN39716331_p1	SAMN39716331_p1,SAMN39716324_p1,SAMN02471137_p6,SAMN10818954_p2
SAMN28495053_p2	SAMN28495053_p2,SAMN28767271_p5
SAMN02708867_p2	SAMN02708867_p2
SAMN15646505_p2	SAMN15646505_p2,SAMN06198393_p2
SAMN33268487_p2	SAMN33268487_p2,SAMN24593227_p2
SAMN12816916_p2	SAMN12816916_p2
SAMN06184571_p1	SAMN06184571_p1
SAMN40160518_p1	SAMN40160518_p1
SAMN02470294_p1	SAMN02470294_p1
SAMN36689554_p3	SAMN36689554_p3,SAMN13118260_p3,SAMN12640772_p2,SAMN12671329_p2,SAMN12640819_p1,SAMN04417201_p2,SAMN12671334_p2,SAMN07350495_p1,SAMN05567318_p1
SAMN07350496_p1	SAMN07350496_p1,SAMN07350492_p2
SAMN17298282_p3	SAMN17298282_p3,SAMN09386619_p1
SAMN08810063_p1	SAMN08810063_p1,SAMN08810357_p1,SAMN15667310_p1
SAMN15646506_p4	SAMN15646506_p4
SAMN02741367_p3	SAMN02741367_p3,SAMN12648284_p1,SAMN05579852_p2,SAMN04417571_p1,SAMN03766034_p2,SAMN02741372_p1,SAMN02741370_p2,SAMN02741369_p1,SAMN02741371_p2,SAMN02368307_p2,SAMN16252940_p1,SAMN16252928_p1,SAMN55333172_p2,SAMN12648285_p3,SAMN06042549_p4,SAMN05713798_p3,SAMN05578019_p3,SAMN05578017_p2,SAMN05578013_p4,SAMN05578011_p1,SAMN05578010_p1,SAMN03799853_p1,SAMN02741366_p1,SAMN02741365_p1,SAMN02368336_p3,SAMN05578012_p2,SAMN02741368_p2,SAMN53840734_p1,SAMN07338011_p3,SAMN07337968_p1,SAMN19769870_p1,SAMN29790244_p3,SAMN06042547_p2,SAMN55968928_p1,SAMN56518618_p5,SAMN55333175_p5,SAMN50800692_p8,SAMN07338092_p1,SAMN55846968_p1,SAMN05301462_p1,SAMN03799832_p1,SAMN03358819_p1,SAMN02741390_p1,SAMN02368254_p3,SAMN02368253_p1,SAMN02368252_p1,SAMN03470168_p1,SAMN12648301_p2,SAMN39716345_p1,SAMN39716343_p1,SAMN11579495_p1,SAMN07338158_p1,SAMN07338096_p2,SAMN11267087_p1,SAMN32359187_p1,SAMN32359172_p1,SAMN32359141_p2,SAMN32359055_p2,SAMN15597508_p1,SAMN42940272_p1,SAMN32407602_p1,SAMN03795184_p1,SAMN42940245_p2,SAMN39105906_p2,SAMN34128358_p2,SAMN03941074_p2,SAMN53840735_p2,SAMN42940261_p1,SAMN42940256_p1,SAMN09742597_p1,SAMN42940252_p1,SAMN42940251_p1,SAMN07337843_p2,SAMN02368290_p3,SAMN40573877_p2,SAMN41518077_p1,SAMN53840733_p2,SAMN03800013_p1,SAMN03795187_p2,SAMN03795186_p2,SAMN07338200_p1,SAMN42940227_p1,SAMN02741402_p2,SAMN02741401_p2,SAMN02741400_p1,SAMN02741399_p2,SAMN02741389_p2,SAMN02741388_p1,SAMN02368257_p3,SAMN02368256_p4,SAMN02368225_p2,SAMN02368224_p1,SAMN39716339_p1,SAMN09742585_p2,SAMN15889568_p1,SAMN03358832_p3,SAMN06042543_p2,SAMN06042542_p2,SAMN32406590_p2,SAMN06042545_p3,SAMN06042541_p1,SAMN32407508_p1,SAMN07338005_p1,SAMN39716325_p3,SAMN42940232_p1,SAMN03795180_p2,SAMN03795181_p1,SAMN03358824_p1,SAMN03358823_p1,SAMN03358822_p1,SAMN02368263_p1,SAMN02368261_p1,SAMN02368259_p1,SAMN02189719_p2,SAMN39105912_p2,SAMN02368288_p5,SAMN02368287_p5,SAMN20499206_p1,SAMN07337861_p3,SAMN53840721_p1,SAMN13779950_p1,SAMN13779949_p1,SAMN13779948_p1,SAMN13779947_p1,SAMN13779946_p1,SAMN13779945_p1,SAMN13779944_p1,SAMN13779943_p1,SAMN13779942_p1,SAMN13779941_p2,SAMN13779940_p1,SAMN13779939_p1,SAMN13779938_p1,SAMN13779937_p1,SAMN13779936_p1,SAMN13779934_p1,SAMN13779933_p1,SAMN13779932_p1,SAMN13779931_p1,SAMN13779930_p1,SAMN13779929_p1,SAMN13779928_p1,SAMN13779925_p1,SAMN13747350_p2,SAMN13747349_p2,SAMN13747348_p1,SAMN13747346_p2,SAMN13747345_p2,SAMN13747344_p2,SAMN13747343_p2,SAMN13747342_p2,SAMN13747341_p2,SAMN13747340_p2,SAMN13747339_p2,SAMN13747337_p2,SAMN13747336_p2,SAMN13747335_p2,SAMN13747334_p2,SAMN13747333_p2,SAMN13747332_p2,SAMN13747331_p2,SAMN13747330_p2,SAMN13747329_p2,SAMN13747327_p1,SAMN13747326_p2,SAMN13747325_p2,SAMN13747324_p2,SAMN13747322_p2,SAMN13747321_p2,SAMN13747319_p3,SAMN13747318_p2,SAMN13747317_p2,SAMN13747316_p3,SAMN13747315_p2,SAMN13747313_p2,SAMN13747312_p2,SAMN13747311_p2,SAMN13747310_p1,SAMN13741049_p2,SAMN13500485_p2,SAMN12648306_p1,SAMN12648288_p1,SAMN12648287_p1,SAMN12648282_p1,SAMN12648277_p1,SAMN12364843_p2,SAMN11056377_p2,SAMN06115936_p1,SAMN06115931_p1,SAMN05301461_p1,SAMN05301460_p1,SAMN04441026_p1,SAMN04441016_p2,SAMN04441015_p2,SAMN04441012_p1,SAMN04422095_p1,SAMN04422094_p1,SAMN04422093_p1,SAMN04422054_p1,SAMN04422051_p2,SAMN04422017_p2,SAMN04422011_p2,SAMN04377553_p1,SAMN04377551_p1,SAMN04377387_p2,SAMN04358199_p1,SAMN04358134_p1,SAMN04358133_p1,SAMN04296855_p2,SAMN03945153_p1,SAMN03945152_p2,SAMN03945149_p2,SAMN03945148_p2,SAMN03945147_p1,SAMN03945145_p1,SAMN03945144_p1,SAMN03945143_p1,SAMN03945142_p1,SAMN03945141_p1,SAMN03945140_p1,SAMN03945139_p1,SAMN03945138_p1,SAMN03945137_p1,SAMN03945136_p1,SAMN03945135_p1,SAMN03945133_p1,SAMN03945132_p1,SAMN03945131_p1,SAMN03945130_p1,SAMN03945129_p1,SAMN03945127_p4,SAMN03358833_p1,SAMN03358830_p1,SAMN03287766_p2,SAMN03287765_p1,SAMN03287764_p1,SAMN03287763_p1,SAMN03287762_p1,SAMN03287761_p1,SAMN03287759_p1,SAMN03287758_p1,SAMN03287757_p1,SAMN03287715_p1,SAMN03287714_p1,SAMN03255431_p2,SAMN03177810_p2,SAMN03177809_p1,SAMN03107385_p2,SAMN03107383_p2,SAMN02952920_p2,SAMN02741398_p1,SAMN02741397_p1,SAMN02741396_p1,SAMN02741364_p1,SAMN02741363_p1,SAMN02741362_p1,SAMN02741361_p1,SAMN02741360_p1,SAMN02741359_p1,SAMN02741358_p1,SAMN02741357_p1,SAMN02741349_p1,SAMN02741348_p3,SAMN02368339_p1,SAMN02368333_p3,SAMN02368332_p2,SAMN02368331_p1,SAMN02368328_p1,SAMN02368325_p1,SAMN02368324_p1,SAMN02368323_p1,SAMN02368322_p3,SAMN02368320_p1,SAMN02368315_p2,SAMN02368312_p1,SAMN02368311_p2,SAMN02368309_p1,SAMN02368284_p1,SAMN32302157_p1,SAMN32302155_p1,SAMN07337957_p1,SAMN53840719_p2,SAMN24777701_p1,SAMN03945134_p1,SAMN03945128_p1,SAMN03358838_p1,SAMN03287767_p1,SAMN03287760_p1,SAMN03287713_p3,SAMN02741356_p1,SAMN02741355_p1,SAMN02741352_p2,SAMN02741350_p2,SAMN07629020_p1,SAMN04377552_p1,SAMN39524499_p4,SAMN32406230_p1,SAMN03255433_p2,SAMN02741351_p1,SAMN07338107_p2,SAMN02741353_p2,SAMN53361112_p2,SAMEA8103035_p1,SAMN53839609_p1,SAMN01816333_p2,SAMN07337959_p2,SAMN02741384_p3,SAMN12648278_p2,SAMN07338000_p2,SAMN07337885_p1,SAMN02471134_p1,SAMN02368278_p1,SAMN05858277_p1,SAMN05858274_p1,SAMN07338025_p2,SAMN32411305_p1,SAMN32407669_p3,SAMN28495056_p2,SAMN55968927_p2,SAMN50649144_p2,SAMN48881381_p3,SAMN45150202_p2,SAMN41277524_p2,SAMN40697487_p2,SAMN40697391_p2,SAMN40695446_p1,SAMN39105908_p2,SAMN32156677_p1,SAMN42940237_p4,SAMN42940231_p4,SAMN04241617_p2,SAMN56518625_p3,SAMN56518620_p2,SAMN12364840_p2,SAMN07337989_p2,SAMN02368293_p1,SAMN05161900_p1,SAMN03945146_p1,SAMN07337904_p2,SAMN19769868_p2,SAMN42940241_p2,SAMN42940268_p1,SAMN54888644_p2,SAMN40566025_p3,SAMN32406563_p2,SAMN56518613_p1,SAMN07338015_p1,SAMN05386387_p2,SAMN55333170_p1,SAMN09742603_p1,SAMEA8103023_p1,SAMN44841002_p3,SAMN35557947_p2,SAMN29790260_p1,SAMN07338193_p1,SAMN03358816_p2,SAMN02368223_p1,SAMEA110132198_p1,SAMN12648283_p2,SAMN06917284_p1,SAMEA112324419_p2,SAMEA112324418_p3,SAMN56518622_p2,SAMN06110481_p1,SAMN28767364_p2,SAMN28767343_p4,SAMN07337874_p1,SAMN53840729_p1,SAMN32407808_p1,SAMN04441023_p2,SAMN32407239_p2,SAMN32406236_p2,SAMN02368251_p1,SAMN17385173_p1,SAMN07338048_p2,SAMN02435811_p3,SAMN53840716_p1,SAMN42940246_p3,SAMN29328524_p2,SAMN06112607_p1,SAMN29790241_p4,SAMN48588255_p1,SAMN25962176_p1,SAMN06169655_p3,SAMN32406206_p1,SAMN32407524_p1,SAMEA112324422_p2,SAMN02741395_p2,SAMN32302460_p1,SAMN02741392_p5,SAMN44841004_p2,SAMN56917206_p2,SAMN40560816_p1,SAMN32411281_p1,SAMN32411279_p1,SAMN32411241_p1,SAMN53840731_p1,SAMN50800695_p1,SAMN07338033_p4,SAMN07338002_p1,SAMN07337979_p3,SAMN39716332_p4,SAMN09742579_p2,SAMEA8103036_p2,SAMN12648286_p2,SAMN06917279_p2,SAMN05216829_p2,SAMN56917217_p2,SAMN56917208_p2,SAMN56917207_p2,SAMN56917204_p2,SAMN56917196_p2,SAMN12648289_p2,SAMN48588253_p2,SAMN48588252_p2,SAMN15597509_p1,SAMN42940262_p1,SAMN42940259_p1,SAMN03941073_p3,SAMN03941072_p2,SAMN02741393_p1,SAMN07338055_p4,SAMN39105919_p1,SAMN07337852_p1,SAMN32407635_p1,SAMN32407628_p1,SAMD00009559_p2,SAMN56518635_p1,SAMN56518634_p1,SAMN56518629_p1,SAMN56518628_p1,SAMN07338063_p1,SAMN07338006_p1,SAMN07338007_p2,SAMN32300845_p3,SAMN32302090_p2,SAMN33550830_p1,SAMN32407401_p2,SAMN13706869_p2,SAMN03177811_p2,SAMN40891645_p3,SAMN05858280_p2,SAMN05858279_p2,SAMN05858275_p2,SAMN02741383_p1,SAMN02368316_p4,SAMN02368340_p1,SAMN17496760_p2,SAMN07338029_p1,SAMN29637727_p1,SAMN06917275_p2,SAMN32407525_p2,SAMN07338001_p1,SAMN07338124_p2,SAMN43783629_p2,SAMN32650238_p2,SAMN07337992_p3,SAMN02204321_p1,SAMN02204320_p2,SAMN02204317_p2,SAMN02204316_p1,SAMN02204314_p1,SAMN02204309_p1,SAMN02204306_p1
SAMN16072611_p2	SAMN16072611_p2
SAMN35557954_p1	SAMN35557954_p1
SAMN56917198_p2	SAMN56917198_p2,SAMN56917215_p2,SAMN56917214_p2,SAMN56917203_p2,SAMN56917202_p2,SAMN56917210_p1,SAMEA110132193_p1
SAMN53840715_p2	SAMN53840715_p2,SAMN53840720_p1,SAMN07338045_p3,SAMN07337997_p1,SAMN42940233_p1,SAMN06917278_p2,SAMN54622905_p1,SAMN53840718_p1,SAMN56518623_p1,SAMN05858278_p1,SAMN05858276_p2,SAMN55333165_p2,SAMN02368317_p1
SAMN12639444_p1	SAMN12639444_p1,SAMN06768131_p2,SAMN07192612_p1,SAMN12671264_p1,SAMN02469953_p1
SAMN51861946_p1	SAMN51861946_p1
SAMN32407788_p1	SAMN32407788_p1,SAMN07337996_p2,SAMN32411303_p1,SAMN56917216_p2,SAMN56917205_p2,SAMN56917197_p2,SAMN07338028_p1,SAMN37260051_p2,SAMN02910585_p5,SAMN42940258_p2,SAMN42940238_p1,SAMN07337987_p2,SAMN53840722_p5,SAMN09742602_p1,SAMN40717410_p2,SAMN02368239_p1,SAMN12495047_p1,SAMN32406210_p1,SAMN32406209_p1,SAMN32407397_p1,SAMN32407258_p1,SAMN39105913_p2,SAMN32406394_p2,SAMN06143023_p2,SAMN07337862_p2,SAMN07338050_p1,SAMN12648302_p2
SAMN07337994_p3	SAMN07337994_p3,SAMN32302091_p1,SAMN56518616_p1,SAMN07337875_p2,SAMN35557943_p3,SAMN06917277_p2
SAMN14752702_p2	SAMN14752702_p2
SAMN10362060_p1	SAMN10362060_p1,SAMN25002006_p1,SAMN18238072_p1,SAMN18238031_p1,SAMN18238016_p1,SAMN18237995_p1,SAMN10362064_p1,SAMEA2591287_p2,SAMEA115018534_p1,SAMN10362283_p1,SAMN18238068_p1,SAMN18238050_p1,SAMN18238045_p1,SAMN18238025_p1,SAMN18238019_p1,SAMEA2591297_p2,SAMEA115018499_p1,SAMEA115017153_p2,SAMEA2591298_p1,SAMN18238058_p1,SAMN18238056_p2
SAMN02741374_p2	SAMN02741374_p2,SAMN07337856_p1,SAMN17188296_p3,SAMEA3443777_p3,SAMN06169820_p1,SAMEA110132192_p2
SAMN12648303_p2	SAMN12648303_p2,SAMN49748845_p1,SAMN49748847_p1,SAMN40763168_p1,SAMN35549258_p1,SAMN32966975_p1,SAMN32136210_p1,SAMN31756718_p1,SAMN12542225_p1,SAMN10436807_p1,SAMN06310878_p2,SAMN52852906_p2,SAMN39716335_p1
SAMN47931905_p1	SAMN47931905_p1
SAMN07350480_p7	SAMN07350480_p7,SAMN09261046_p1,SAMN09261043_p1,SAMEA115017711_p1,SAMN38476523_p2
SAMN14214611_p2	SAMN14214611_p2
SAMN53475254_p2	SAMN53475254_p2,SAMN16268020_p1
SAMN04296643_p2	SAMN04296643_p2,SAMN10863497_p1
SAMN02435867_p5	SAMN02435867_p5
SAMN36689570_p5	SAMN36689570_p5
SAMN11287979_p2	SAMN11287979_p2
SAMN13404277_p1	SAMN13404277_p1,SAMN13404281_p1
SAMN12648275_p3	SAMN12648275_p3,SAMN48586871_p6
SAMN06013680_p3	SAMN06013680_p3,SAMN06013691_p3
SAMN45047349_p1	SAMN45047349_p1,SAMN47931948_p1
SAMN05418248_p1	SAMN05418248_p1
SAMN32400338_p1	SAMN32400338_p1
SAMN40160521_p2	SAMN40160521_p2
SAMN44286666_p2	SAMN44286666_p2
SAMN06169655_p2	SAMN06169655_p2
SAMN03104872_p2	SAMN03104872_p2,SAMN03104873_p1,SAMN03104862_p2
SAMN38476540_p1	SAMN38476540_p1
SAMN30916808_p1	SAMN30916808_p1
SAMN40571797_p2	SAMN40571797_p2
SAMN07338013_p1	SAMN07338013_p1
SAMN29790235_p3	SAMN29790235_p3,SAMN29790245_p2
SAMN07367890_p1	SAMN07367890_p1
SAMN35628445_p1	SAMN35628445_p1
SAMN06013686_p1	SAMN06013686_p1
SAMN12057861_p1	SAMN12057861_p1
SAMN29790269_p2	SAMN29790269_p2,SAMN29790271_p2,SAMN40697815_p1,SAMN29790250_p1,SAMN29790249_p1
SAMN15763361_p2	SAMN15763361_p2
SAMN18332103_p2	SAMN18332103_p2
SAMN26741749_p4	SAMN26741749_p4
SAMN03945150_p3	SAMN03945150_p3
SAMN09386818_p2	SAMN09386818_p2
SAMN05860636_p2	SAMN05860636_p2,SAMN05860645_p4,SAMN05860644_p4,SAMN05860642_p2,SAMN05860641_p2,SAMN05860640_p3,SAMN05860639_p2,SAMN05860638_p2,SAMN05860637_p2,SAMN15597501_p3,SAMN50800678_p1,SAMN12648293_p2,SAMN17256633_p1,SAMN04358131_p1,SAMN29790241_p5,SAMN03996322_p4,SAMN26982637_p1,SAMN26982633_p1,SAMN40697487_p3,SAMN40697391_p3,SAMN40695446_p3,SAMN32156677_p3,SAMN54622905_p2,SAMN39105908_p3,SAMN55968927_p3,SAMN50649144_p3,SAMN48881381_p5,SAMN41277524_p3,SAMN41809255_p1,SAMN41809258_p1,SAMN02910586_p1,SAMN10761833_p4,SAMN39105918_p3,SAMN12648284_p4,SAMN05713797_p2,SAMN07338033_p3,SAMN32407635_p3,SAMN32407628_p2,SAMN28767298_p2,SAMN03799830_p3,SAMN15597506_p2,SAMN28767333_p3,SAMN15889568_p2
SAMN28767223_p1	SAMN28767223_p1
SAMN18298706_p3	SAMN18298706_p3
SAMN13404284_p1	SAMN13404284_p1,SAMN13404287_p3,SAMN42500396_p1,SAMN41299324_p1,SAMN18636297_p1,SAMN16705019_p1,SAMN13734988_p1,SAMN13734987_p1,SAMN13404282_p1,SAMN12648315_p1,SAMN10799733_p2,SAMN10799707_p2,SAMN10654174_p3,SAMN10654150_p2,SAMN10654009_p1,SAMN10654002_p2,SAMN10654001_p2,SAMN10653969_p2,SAMN10653967_p1,SAMN10653950_p2,SAMN10653949_p2,SAMN10653498_p3,SAMN10653497_p2,SAMN10653479_p2,SAMN10532228_p1,SAMN10532227_p2,SAMN10532224_p2,SAMN10531982_p2,SAMN08896638_p1,SAMN08323859_p1,SAMN07974340_p1,SAMN05590424_p1,SAMN03839339_p2,SAMN00991869_p1,SAMN00989305_p2,SAMN00989301_p2,SAMN00765528_p2,SAMN00622046_p2,SAMEA889373_p2,SAMEA889337_p2,SAMEA889255_p1,SAMEA889253_p1,SAMEA889159_p2,SAMEA4673264_p3,SAMN10654154_p2,SAMN10803227_p2,SAMN10654173_p2,SAMN10653970_p2,SAMN10532229_p2,SAMN10532223_p2,SAMN10532218_p3,SAMN10532215_p2,SAMN10531981_p2,SAMN10531980_p2,SAMN10531979_p1,SAMN10531978_p2,SAMN10531976_p2,SAMN09867716_p2,SAMN02603415_p1,SAMN10653962_p2,SAMN10532213_p2,SAMN09867709_p2,SAMN45093038_p2,SAMN36689564_p2,SAMN13404280_p3,SAMN13404279_p3,SAMN13404278_p2,SAMN10531983_p2,SAMN10654121_p3
SAMN28767226_p2	SAMN28767226_p2,SAMN40108472_p1,SAMN40108471_p1,SAMN40108470_p1,SAMN40108469_p1,SAMN40108468_p1,SAMN54286549_p1,SAMN39715769_p2,SAMN29395242_p1,SAMN44286665_p2,SAMN39606344_p1,SAMN03325855_p2,SAMN09649874_p1,SAMN56518631_p4,SAMN10397797_p1,SAMN10397796_p2,SAMN10397795_p2,SAMN10397794_p1,SAMN10397792_p2,SAMN10397791_p3,SAMN10397790_p1,SAMN10397789_p2,SAMN28767255_p1,SAMN28767254_p1,SAMN48484929_p4,SAMN28767219_p2,SAMN56917241_p2,SAMN02368244_p1,SAMN02436265_p2,SAMN18298726_p1,SAMN28495015_p3,SAMN40643622_p1,SAMN28495035_p2,SAMN37853693_p1,SAMN03996322_p3,SAMN18298733_p1,SAMN24777670_p2,SAMN39962932_p3,SAMN20805069_p2,SAMN09742583_p3,SAMEA8103029_p2,SAMN28767221_p9,SAMN10880809_p1,SAMN54286554_p2,SAMN39715759_p3,SAMN37822562_p2,SAMN32359188_p1,SAMN28495049_p1,SAMN40564514_p3,SAMEA112157107_p1,SAMN07680340_p2,SAMEA7061703_p2,SAMN07337862_p1,SAMN48588019_p1,SAMN48588018_p1,SAMN48588017_p1,SAMN26343545_p2,SAMN07338202_p4,SAMN39783929_p1,SAMN41920694_p1,SAMN54286590_p1,SAMN28767239_p3,SAMN01924261_p1,SAMN28767230_p1,SAMN28767220_p2,SAMN40573890_p2,SAMN28495017_p1,SAMN28495015_p2,SAMN28767374_p1,SAMN28767371_p1,SAMN12671088_p1,SAMN28767242_p2,SAMN35346014_p2,SAMN35346013_p2
SAMN48586876_p3	SAMN48586876_p3
SAMN12648312_p2	SAMN12648312_p2
SAMN16268016_p1	SAMN16268016_p1
SAMN28767274_p2	SAMN28767274_p2
SAMN40575456_p1	SAMN40575456_p1,SAMN40575548_p1,SAMN50800674_p1
SAMN13747351_p4	SAMN13747351_p4,SAMN40891659_p4,SAMN13747348_p2,SAMN13747347_p3,SAMN40891645_p1
SAMN44731497_p1	SAMN44731497_p1,SAMN40604334_p1
SAMN12057825_p1	SAMN12057825_p1
SAMN28495033_p1	SAMN28495033_p1
SAMN22211694_p2	SAMN22211694_p2,SAMN04145917_p2,SAMN05935535_p2,SAMN13779929_p2,SAMN10761833_p3,SAMN02368317_p2,SAMN02368316_p2,SAMN40891096_p1,SAMN28495012_p2,SAMN40891659_p1,SAMN12495044_p3,SAMEA115018000_p3,SAMN07338176_p2,SAMN06042549_p3,SAMN05713798_p1,SAMN32407400_p2,SAMN02603666_p1,SAMN12364848_p3,SAMEA8103027_p2
SAMN12057800_p1	SAMN12057800_p1
SAMN12168583_p1	SAMN12168583_p1
SAMN29328593_p1	SAMN29328593_p1,SAMN29328594_p1
SAMN29790272_p4	SAMN29790272_p4
SAMN55846946_p3	SAMN55846946_p3,SAMN54286589_p2,SAMN39783964_p1,SAMN39783963_p2,SAMN39783962_p2,SAMN39783961_p2
SAMN18298710_p2	SAMN18298710_p2,SAMN56917246_p1
SAMEA8103036_p1	SAMEA8103036_p1,SAMN09742579_p1
SAMN07338106_p1	SAMN07338106_p1,SAMN32407809_p2,SAMN40566025_p2
SAMN18298730_p1	SAMN18298730_p1
SAMN34999117_p1	SAMN34999117_p1,SAMN34999118_p1,SAMN34999119_p1,SAMN17298281_p1,SAMN17298280_p1
SAMN44841005_p1	SAMN44841005_p1
SAMN40574011_p2	SAMN40574011_p2
SAMN48586877_p1	SAMN48586877_p1
SAMEA115017710_p3	SAMEA115017710_p3,SAMN09261042_p3
SAMN20805033_p1	SAMN20805033_p1,SAMN20805035_p1
SAMN39783949_p3	SAMN39783949_p3,SAMN41518099_p3,SAMN41518097_p3,SAMN41518095_p3,SAMN39783951_p3,SAMN41518096_p3,SAMN41518092_p3,SAMN39783950_p3,SAMN39783946_p3,SAMN05194681_p1
SAMN33268487_p1	SAMN33268487_p1,SAMN45916484_p3,SAMN45916491_p3,SAMN45916489_p1,SAMN45916488_p1
SAMN39525491_p1	SAMN39525491_p1
SAMN54210353_p3	SAMN54210353_p3,SAMN18298697_p3
SAMN07338168_p1	SAMN07338168_p1
SAMN03996257_p1	SAMN03996257_p1
SAMN14944058_p2	SAMN14944058_p2,SAMN09261054_p2,SAMEA115017721_p2,SAMN05578963_p3,SAMN14944080_p1,SAMN08984076_p1
SAMN55333169_p2	SAMN55333169_p2,SAMN02471134_p2,SAMN32302091_p2,SAMN32302090_p1,SAMN42940254_p3,SAMN14572085_p1,SAMN37672055_p2,SAMN21365011_p2,SAMN16954303_p1,SAMN13426200_p1,SAMN53906730_p3,SAMN53906729_p3,SAMN16057396_p3,SAMN16057388_p3,SAMN47909286_p1,SAMN13706828_p2,SAMN17188316_p2,SAMN17188309_p2,SAMN13706805_p2
SAMN14081013_p2	SAMN14081013_p2
SAMN40571798_p2	SAMN40571798_p2
SAMN29395242_p2	SAMN29395242_p2
SAMN12670125_p3	SAMN12670125_p3,SAMN12670133_p2,SAMN12670126_p2,SAMN12670124_p2,SAMN12670123_p2,SAMN12670122_p2,SAMN12670121_p1,SAMN12670120_p2,SAMN12057859_p2,SAMN16268039_p1,SAMN37977890_p1,SAMN40160524_p2,SAMN12648263_p3,SAMN28767319_p2,SAMN40160500_p2,SAMN12648317_p4,SAMEA4673118_p2,SAMN36689565_p2
SAMN12668396_p2	SAMN12668396_p2
SAMN20805044_p5	SAMN20805044_p5
SAMN10362062_p1	SAMN10362062_p1
SAMN06013679_p2	SAMN06013679_p2
SAMN02603666_p2	SAMN02603666_p2
SAMN28495051_p1	SAMN28495051_p1
SAMN15597496_p1	SAMN15597496_p1
SAMN20805042_p1	SAMN20805042_p1
SAMN28495032_p1	SAMN28495032_p1
SAMN05418122_p1	SAMN05418122_p1
SAMN24593227_p3	SAMN24593227_p3
SAMN40643599_p2	SAMN40643599_p2
SAMN24777698_p3	SAMN24777698_p3
SAMN12648305_p2	SAMN12648305_p2
SAMN52650543_p2	SAMN52650543_p2
SAMN18238003_p1	SAMN18238003_p1,SAMN18238006_p1,SAMN18238002_p3,SAMN18238073_p2
SAMN07338022_p2	SAMN07338022_p2
SAMN14533309_p1	SAMN14533309_p1,SAMN14533310_p2
SAMN11039182_p1	SAMN11039182_p1
SAMN13023393_p3	SAMN13023393_p3
SAMN53840719_p3	SAMN53840719_p3
SAMN05860643_p1	SAMN05860643_p1
SAMN18298716_p2	SAMN18298716_p2
SAMN29790273_p3	SAMN29790273_p3
SAMN56917242_p1	SAMN56917242_p1
SAMN31656026_p1	SAMN31656026_p1,SAMN31656037_p1,SAMN31656036_p1,SAMN31656035_p1,SAMN31656034_p1,SAMN31656033_p1,SAMN31656031_p1,SAMN31656030_p1,SAMN31656029_p1
SAMN05418144_p1	SAMN05418144_p1
SAMN12168619_p1	SAMN12168619_p1
SAMN07338114_p2	SAMN07338114_p2
SAMN03571538_p3	SAMN03571538_p3
SAMN31656038_p2	SAMN31656038_p2
SAMN12648317_p3	SAMN12648317_p3,SAMN37977883_p1,SAMN48764599_p1,SAMN41254075_p6,SAMN00621717_p1,SAMN40202097_p2,SAMN36689550_p4
SAMN06909310_p2	SAMN06909310_p2
SAMN40891661_p2	SAMN40891661_p2
SAMN30418558_p1	SAMN30418558_p1,SAMN30418559_p1,SAMN20982569_p3,SAMN06310879_p1
SAMN06484414_p1	SAMN06484414_p1,SAMN15646602_p2
SAMN07337994_p1	SAMN07337994_p1
SAMN39716331_p2	SAMN39716331_p2,SAMN39716324_p2
SAMN24593227_p4	SAMN24593227_p4
SAMN21365011_p4	SAMN21365011_p4,SAMN16954303_p3,SAMN13426200_p3,SAMN42940261_p2,SAMN42940256_p2,SAMN32300789_p1,SAMN15889568_p3,SAMN32299975_p2,SAMN32299961_p1
SAMN05172613_p1	SAMN05172613_p1
SAMN02304133_p1	SAMN02304133_p1
SAMN53906729_p2	SAMN53906729_p2,SAMN16057388_p2
SAMN12645948_p1	SAMN12645948_p1,SAMN12671081_p1,SAMN12671080_p2,SAMN47909286_p2,SAMN47909301_p1,SAMN32302122_p1,SAMN17225431_p2
SAMN18298680_p2	SAMN18298680_p2
SAMN14533316_p1	SAMN14533316_p1
SAMN53906728_p2	SAMN53906728_p2,SAMN16057162_p1
SAMN33774569_p1	SAMN33774569_p1,SAMN12668398_p5,SAMN12668393_p6
SAMN42940266_p2	SAMN42940266_p2,SAMN20804968_p1
SAMN48586876_p4	SAMN48586876_p4
SAMN15597503_p1	SAMN15597503_p1,SAMN40573640_p2
SAMN10601626_p1	SAMN10601626_p1
SAMN44286691_p2	SAMN44286691_p2
SAMN02603672_p1	SAMN02603672_p1,SAMN02603960_p2
SAMN02470293_p2	SAMN02470293_p2
SAMN09208625_p1	SAMN09208625_p1,SAMN09355279_p1
SAMN32406675_p3	SAMN32406675_p3,SAMN32406713_p2
SAMN02912085_p1	SAMN02912085_p1
SAMN32406564_p1	SAMN32406564_p1
SAMN07337992_p1	SAMN07337992_p1
SAMN33268487_p3	SAMN33268487_p3,SAMN45916491_p2,SAMN45916489_p2,SAMN45916488_p2,SAMN45916484_p2
SAMN41809259_p1	SAMN41809259_p1,SAMN18332103_p3,SAMN41809252_p2
SAMN13500487_p2	SAMN13500487_p2,SAMN40604332_p1,SAMN40604319_p3
SAMN24907452_p1	SAMN24907452_p1,SAMN18238006_p2,SAMN18238003_p2,SAMN18238002_p2,SAMN18238014_p2,SAMN18238010_p3,SAMN18238009_p2,SAMN18238008_p3,SAMN18238007_p2
SAMN17384693_p2	SAMN17384693_p2,SAMN53840732_p1,SAMN53840722_p1
SAMN12648317_p2	SAMN12648317_p2,SAMN28767277_p1,SAMN11287979_p1,SAMN16268032_p1,SAMN41254074_p1,SAMN41254067_p3,SAMN16072597_p1,SAMN41254075_p4,SAMN41254073_p1,SAMN12168599_p3,SAMN13404276_p5,SAMN12839210_p4,SAMN16268013_p3
SAMN05418149_p1	SAMN05418149_p1
SAMN55333177_p3	SAMN55333177_p3
SAMN55846947_p1	SAMN55846947_p1
SAMN42940265_p3	SAMN42940265_p3
SAMN15763362_p1	SAMN15763362_p1,SAMN15763366_p2,SAMN13049607_p1
SAMN24593217_p7	SAMN24593217_p7,SAMN16268034_p1
SAMN18298697_p4	SAMN18298697_p4
SAMN10963619_p1	SAMN10963619_p1,SAMN28767355_p1,SAMN28767354_p1,SAMN28767352_p1,SAMN15510354_p1
SAMN54286609_p2	SAMN54286609_p2
SAMN42500393_p2	SAMN42500393_p2
SAMN07337969_p1	SAMN07337969_p1,SAMN53361115_p1
SAMN28767231_p1	SAMN28767231_p1
SAMN13897683_p3	SAMN13897683_p3,SAMN38476532_p2,SAMN12288803_p1,SAMN12288755_p3
SAMEA12312942_p1	SAMEA12312942_p1
SAMN03799830_p2	SAMN03799830_p2,SAMN28767333_p2
SAMN12648275_p2	SAMN12648275_p2
SAMN29790272_p5	SAMN29790272_p5,SAMN17225431_p4
SAMN18238027_p1	SAMN18238027_p1
SAMN32300845_p2	SAMN32300845_p2,SAMN17188316_p4,SAMN17188309_p4,SAMN13706828_p4,SAMN13706805_p4,SAMN02910585_p1
SAMN42940231_p5	SAMN42940231_p5,SAMN42940237_p5
SAMN49797556_p1	SAMN49797556_p1,SAMN16268041_p1,SAMN03488018_p3,SAMN03488017_p3,SAMN03488012_p3,SAMN03488008_p3,SAMN03488007_p3,SAMN40160513_p1,SAMN23296542_p2,SAMN13704152_p1
SAMN06066420_p2	SAMN06066420_p2,SAMN08329234_p3,SAMN08329233_p4
SAMN35346012_p2	SAMN35346012_p2
SAMN40627813_p1	SAMN40627813_p1
SAMN39716327_p2	SAMN39716327_p2,SAMN39716328_p2
SAMN40584489_p1	SAMN40584489_p1,SAMN40584490_p2
SAMN46862179_p1	SAMN46862179_p1
SAMN51861954_p1	SAMN51861954_p1
SAMN10360549_p1	SAMN10360549_p1,SAMN12648320_p1,SAMN12839199_p1,SAMN12839210_p3
SAMN07337847_p1	SAMN07337847_p1
SAMN10362073_p1	SAMN10362073_p1,SAMN18238024_p1,SAMN18238023_p1,SAMN18238021_p1,SAMN18238005_p1,SAMN18237998_p1,SAMN18237996_p1,SAMN10362071_p1
SAMN10362064_p3	SAMN10362064_p3,SAMN18238016_p2
SAMN07338026_p1	SAMN07338026_p1,SAMN12648301_p3,SAMN40891645_p2,SAMN32299975_p1,SAMN56518631_p2,SAMN38108759_p1,SAMN03358831_p1,SAMN55846927_p3,SAMN04285689_p2,SAMN03159469_p2
SAMN32300851_p2	SAMN32300851_p2,SAMN07338054_p2,SAMN39105914_p1,SAMN32299956_p1,SAMN35346011_p2,SAMN56518637_p1,SAMN56518626_p1,SAMN15755100_p2,SAMN32661452_p1,SAMN47909273_p1,SAMN02910585_p3
SAMN41079253_p1	SAMN41079253_p1,SAMN29856470_p3,SAMN29856467_p1,SAMN26343538_p1
SAMN06158907_p1	SAMN06158907_p1
SAMN26982640_p1	SAMN26982640_p1,SAMN30942188_p2
SAMEA115017867_p4	SAMEA115017867_p4,SAMN10362286_p4
SAMN09737247_p1	SAMN09737247_p1,SAMN54286551_p1,SAMN39715795_p1,SAMEA112324415_p2,SAMN03358829_p3,SAMN03358828_p1,SAMN20804970_p1
SAMEA115018494_p6	SAMEA115018494_p6,SAMN18238081_p6,SAMN18238083_p6,SAMN18238082_p4,SAMEA115018495_p4,SAMEA115018493_p6,SAMN10362061_p6,SAMEA115017870_p6,SAMN18238029_p2,SAMEA115018501_p2,SAMN25002006_p4
SAMN36689567_p2	SAMN36689567_p2,SAMN00265075_p3,SAMN08984099_p4,SAMN08984072_p3,SAMN07350488_p3,SAMN07350487_p2
SAMN10362060_p3	SAMN10362060_p3
SAMN35298026_p2	SAMN35298026_p2,SAMN45916487_p2,SAMN35616937_p2
SAMN47436124_p2	SAMN47436124_p2
SAMN52950333_p1	SAMN52950333_p1,SAMN28767319_p1,SAMN56681727_p1,SAMEA9995352_p1
SAMN15597501_p2	SAMN15597501_p2
SAMN00989304_p3	SAMN00989304_p3,SAMN40207229_p4,SAMN29637730_p4,SAMN13887711_p3,SAMN13887713_p3,SAMN09356179_p4,SAMN09356177_p4,SAMN03014086_p3,SAMN49713705_p3,SAMN26804327_p3,SAMN03996319_p6,SAMN02603898_p2,SAMN49713706_p2,SAMN13166158_p2,SAMN02604040_p2,SAMN49713707_p2,SAMN04256440_p2,SAMN40207228_p4,SAMN02744003_p1,SAMN13887712_p3,SAMN08741621_p3,SAMN04256437_p3,SAMN34993714_p1,SAMN34993713_p1,SAMN34993702_p1,SAMN15930126_p1,SAMN15930068_p3,SAMN15929508_p1,SAMN13964162_p2,SAMN13704161_p3,SAMN13704160_p1,SAMN13704159_p2,SAMN13704158_p2,SAMN13387509_p1,SAMN10266074_p2,SAMN07821484_p1,SAMN06768535_p1,SAMN06768129_p3,SAMN04256434_p2,SAMN04256433_p2,SAMN04256432_p2,SAMN03402964_p2,SAMN02435880_p1,SAMN02393810_p1,SAMN02393809_p2,SAMN00989302_p2,SAMN00622046_p3,SAMN00622035_p1,SAMEA889335_p2,SAMEA889163_p3,SAMN12288758_p2
SAMN42940256_p3	SAMN42940256_p3,SAMN42940261_p3,SAMN32405628_p2,SAMN41000926_p3,SAMN28495040_p2,SAMN07338007_p1
SAMN36689564_p1	SAMN36689564_p1,SAMN45093038_p1,SAMN05590422_p2,SAMN02470783_p2,SAMN02393813_p2,SAMN00989311_p2,SAMN56681728_p2,SAMN56681721_p1,SAMN36689571_p1,SAMD00662003_p1,SAMN56501506_p8,SAMN56501517_p6,SAMN56501516_p6,SAMN56501514_p3,SAMN56501513_p6,SAMN56501512_p3,SAMN56501511_p2,SAMN05590423_p1,SAMN05590411_p1,SAMN16532817_p1
SAMN33396490_p1	SAMN33396490_p1
SAMN13404285_p1	SAMN13404285_p1
SAMN02940923_p1	SAMN02940923_p1,SAMN12668405_p3
SAMN12057814_p1	SAMN12057814_p1
SAMN53258651_p1	SAMN53258651_p1
SAMN42003083_p1	SAMN42003083_p1,SAMN42003096_p1
SAMN38736038_p3	SAMN38736038_p3
SAMN56681726_p1	SAMN56681726_p1,SAMN40962463_p2
SAMN40560781_p3	SAMN40560781_p3,SAMN40560813_p3,SAMN40560812_p5,SAMN40560757_p2
SAMN04457467_p3	SAMN04457467_p3
SAMN24593137_p1	SAMN24593137_p1
SAMN20805043_p6	SAMN20805043_p6
SAMN12168580_p1	SAMN12168580_p1
SAMN11522370_p1	SAMN11522370_p1
SAMN48586870_p2	SAMN48586870_p2
SAMN56681712_p1	SAMN56681712_p1,SAMN08622982_p1,SAMN13404276_p2,SAMN40160501_p3,SAMN36689555_p3
SAMN12057884_p1	SAMN12057884_p1
SAMN40560850_p2	SAMN40560850_p2,SAMN18298679_p2
SAMN28672590_p4	SAMN28672590_p4,SAMN24593210_p1,SAMN24593218_p4
SAMN39105730_p2	SAMN39105730_p2
SAMN29790272_p3	SAMN29790272_p3
SAMN05418239_p1	SAMN05418239_p1
SAMEA7060543_p1	SAMEA7060543_p1
SAMN00265075_p1	SAMN00265075_p1,SAMN47061650_p1,SAMN37453706_p2,SAMN12057801_p1,SAMN56501518_p1
SAMD00428687_p2	SAMD00428687_p2
SAMN37256235_p1	SAMN37256235_p1,SAMN40604319_p2,SAMN05196200_p2,SAMN07739083_p1,SAMN30916803_p3,SAMN10360789_p1,SAMN02603130_p1,SAMEA117660478_p1,SAMD00506751_p1
SAMN07338101_p2	SAMN07338101_p2
SAMN32406741_p1	SAMN32406741_p1,SAMN32406747_p1,SAMN32406744_p1
SAMN30916803_p1	SAMN30916803_p1,SAMN26741749_p2,SAMN40604333_p1
SAMN40697797_p1	SAMN40697797_p1,SAMN40198115_p2
SAMN06105395_p1	SAMN06105395_p1
SAMN42149892_p1	SAMN42149892_p1
SAMN41000926_p1	SAMN41000926_p1
SAMN07337898_p1	SAMN07337898_p1
SAMN49797544_p3	SAMN49797544_p3,SAMN53475254_p5,SAMN12648311_p2,SAMN10360548_p2,SAMN56681720_p1
SAMN26741749_p3	SAMN26741749_p3
SAMN13049604_p1	SAMN13049604_p1
SAMN12168584_p1	SAMN12168584_p1
SAMN55333167_p1	SAMN55333167_p1
SAMN40198115_p1	SAMN40198115_p1,SAMN48952189_p3,SAMN40232190_p2,SAMN40232154_p2,SAMN02912086_p2
SAMN10360552_p2	SAMN10360552_p2,SAMN18673071_p2,SAMN15818768_p2,SAMN15808366_p2,SAMN08984078_p2,SAMN38476522_p2,SAMN28767379_p2,SAMN36689551_p2
SAMN05418054_p2	SAMN05418054_p2
SAMN18385663_p2	SAMN18385663_p2,SAMN18385661_p3,SAMN18385664_p3,SAMN18385662_p3,SAMN18385658_p3,SAMN18385657_p3,SAMN18385660_p3,SAMN03580732_p3,SAMN35563660_p3,SAMN35563661_p3
SAMN47436111_p2	SAMN47436111_p2,SAMN47436114_p2
SAMD00428689_p2	SAMD00428689_p2,SAMN18238048_p4,SAMN18238046_p2,SAMN18238042_p3,SAMEA2591296_p1,SAMEA2591286_p3,SAMEA115018500_p3,SAMEA115018498_p4,SAMEA115018497_p2,SAMEA115017281_p3,SAMEA115017152_p1,SAMN18238049_p3,SAMEA115018496_p3
SAMN13706805_p1	SAMN13706805_p1,SAMN17188316_p1,SAMN17188309_p1,SAMN13706828_p1,SAMN32299956_p4,SAMN35346015_p1,SAMN35346014_p1,SAMN35346013_p1,SAMN15510357_p2,SAMN09694272_p1,SAMD00009560_p1,SAMN09694271_p1,SAMN10818954_p3,SAMN08329258_p1,SAMN08329247_p2,SAMN21365011_p3,SAMN16954303_p4,SAMN13426200_p4
SAMN36689568_p2	SAMN36689568_p2,SAMN37977900_p2
SAMN39832059_p1	SAMN39832059_p1,SAMN40019045_p1,SAMN40160507_p2,SAMN36689545_p2
SAMN53840730_p1	SAMN53840730_p1,SAMN39524499_p3
SAMN38736038_p1	SAMN38736038_p1
SAMN28767313_p6	SAMN28767313_p6
SAMN13704149_p1	SAMN13704149_p1
SAMN22346950_p2	SAMN22346950_p2
SAMN33423629_p1	SAMN33423629_p1,SAMN20805038_p7
SAMN42940246_p2	SAMN42940246_p2
SAMN12648294_p1	SAMN12648294_p1
SAMEA117551943_p1	SAMEA117551943_p1,SAMEA117551946_p1,SAMEA117551945_p1
SAMN18298707_p4	SAMN18298707_p4
SAMN55338813_p1	SAMN55338813_p1,SAMN55338814_p1
SAMN17225554_p5	SAMN17225554_p5,SAMN04320555_p4
SAMEA120785988_p1	SAMEA120785988_p1
SAMN09878947_p3	SAMN09878947_p3,SAMN32300846_p3,SAMN06140976_p3,SAMN47909042_p2
SAMN02435869_p2	SAMN02435869_p2
SAMN40604357_p1	SAMN40604357_p1,SAMN34999122_p2,SAMN34999121_p2
SAMN03104885_p2	SAMN03104885_p2,SAMN12136324_p2,SAMN04168691_p2,SAMN56501507_p1,SAMN16268012_p1,SAMN16268010_p1,SAMN16268017_p2,SAMN13897690_p2,SAMN13897694_p3,SAMN15646604_p1,SAMEA117660571_p1
SAMN04457467_p2	SAMN04457467_p2
SAMN40571708_p2	SAMN40571708_p2
SAMN28767349_p1	SAMN28767349_p1
SAMN16268043_p1	SAMN16268043_p1,SAMN16268044_p1
SAMN24593223_p2	SAMN24593223_p2,SAMN13500477_p3
SAMN02470441_p1	SAMN02470441_p1,SAMN42003095_p1,SAMN42003092_p1,SAMN42003104_p1,SAMN11522370_p2
SAMN28495049_p2	SAMN28495049_p2
SAMN02435867_p4	SAMN02435867_p4
SAMN31656038_p4	SAMN31656038_p4
SAMN40160501_p2	SAMN40160501_p2,SAMN38476540_p2,SAMN05590419_p1,SAMN08982527_p2,SAMN08982526_p1,SAMN08982506_p1,SAMN08982482_p1
SAMN07568193_p2	SAMN07568193_p2,SAMN07571505_p2,SAMN07568194_p2,SAMN03177729_p2
SAMN09874178_p3	SAMN09874178_p3
SAMN03996261_p2	SAMN03996261_p2
SAMN32407627_p1	SAMN32407627_p1
SAMN18298736_p1	SAMN18298736_p1
SAMN40160523_p1	SAMN40160523_p1
SAMN09537147_p1	SAMN09537147_p1,SAMN02469786_p2
SAMN07338087_p1	SAMN07338087_p1
SAMN14852540_p2	SAMN14852540_p2
SAMN52950331_p1	SAMN52950331_p1
SAMN16587835_p2	SAMN16587835_p2,SAMN09386624_p3,SAMN09386758_p2
SAMN18238058_p2	SAMN18238058_p2,SAMN18238056_p1,SAMEA2591293_p1,SAMEA115017150_p1
SAMN56917237_p2	SAMN56917237_p2,SAMN56917251_p2
SAMN28495021_p1	SAMN28495021_p1,SAMN28495022_p4,SAMN43550337_p2,SAMN28495050_p2,SAMN30942182_p1,SAMN26982642_p1
SAMEA115015365_p2	SAMEA115015365_p2,SAMN02470649_p1,SAMD00166353_p2
SAMN06196908_p1	SAMN06196908_p1,SAMN09261050_p1
SAMN24907466_p1	SAMN24907466_p1
SAMN40566039_p1	SAMN40566039_p1,SAMEA112157108_p1,SAMN48588031_p2
SAMN04296647_p3	SAMN04296647_p3
SAMN49797553_p1	SAMN49797553_p1
SAMN22513949_p2	SAMN22513949_p2
SAMN20805065_p2	SAMN20805065_p2
SAMN45864672_p2	SAMN45864672_p2
SAMN12404565_p3	SAMN12404565_p3
SAMN28767244_p1	SAMN28767244_p1,SAMN10829924_p1
SAMN36294848_p1	SAMN36294848_p1
SAMN14923070_p3	SAMN14923070_p3
SAMN40560757_p3	SAMN40560757_p3
SAMD00046757_p2	SAMD00046757_p2,SAMN03178087_p2,SAMN54103316_p2,SAMN47514229_p2,SAMN40298401_p2,SAMN38186253_p2,SAMN29939551_p2,SAMN05302747_p2,SAMN02472057_p3,SAMN02471760_p3
SAMN12668394_p2	SAMN12668394_p2,SAMN12668405_p1
SAMN28767356_p2	SAMN28767356_p2,SAMN28767357_p2
SAMN12057873_p2	SAMN12057873_p2
SAMN28495039_p2	SAMN28495039_p2
SAMN15646532_p2	SAMN15646532_p2,SAMN15646531_p1,SAMN15646517_p2,SAMN11318966_p3
SAMN39962933_p5	SAMN39962933_p5,SAMN40566114_p3
SAMN35346012_p3	SAMN35346012_p3
SAMN13023393_p2	SAMN13023393_p2
SAMN07338049_p1	SAMN07338049_p1
SAMN10334306_p3	SAMN10334306_p3
SAMN10436686_p1	SAMN10436686_p1,SAMN10436796_p1
SAMN05417988_p1	SAMN05417988_p1
SAMN28767342_p3	SAMN28767342_p3
SAMN12648305_p3	SAMN12648305_p3
SAMN17214697_p2	SAMN17214697_p2
SAMN05418224_p1	SAMN05418224_p1
SAMN15763356_p1	SAMN15763356_p1
SAMN10362347_p1	SAMN10362347_p1
SAMN40566114_p1	SAMN40566114_p1
SAMN20804979_p1	SAMN20804979_p1
SAMN40604319_p1	SAMN40604319_p1,SAMN07337986_p1,SAMN07337983_p1,SAMN39716349_p1,SAMN14861780_p1,SAMN06310878_p1
SAMN10970912_p1	SAMN10970912_p1
SAMN17214697_p1	SAMN17214697_p1
SAMN29395242_p3	SAMN29395242_p3,SAMN23839833_p1,SAMN02603955_p1
SAMN40160511_p1	SAMN40160511_p1,SAMN40160519_p1,SAMN40160512_p1,SAMN40160516_p1
SAMN05768151_p1	SAMN05768151_p1,SAMN11522363_p2
SAMN36689567_p1	SAMN36689567_p1,SAMN12168612_p1,SAMN02393827_p1
SAMN53840714_p1	SAMN53840714_p1
SAMN56417361_p3	SAMN56417361_p3,SAMN56417377_p2,SAMN56417287_p2,SAMN56417275_p2,SAMN16268016_p2,SAMN16268014_p1
SAMN24372625_p1	SAMN24372625_p1,SAMN24372626_p1
SAMN02912086_p1	SAMN02912086_p1
SAMN09386758_p1	SAMN09386758_p1,SAMN09386624_p1,SAMN29790268_p1
SAMN12648297_p3	SAMN12648297_p3
SAMN13897699_p1	SAMN13897699_p1,SAMN40160519_p2,SAMN40160516_p3,SAMN40160512_p2,SAMN40160511_p3
SAMN14944065_p3	SAMN14944065_p3,SAMEA889198_p2
SAMN40584503_p2	SAMN40584503_p2
SAMN37260050_p3	SAMN37260050_p3,SAMN37260050_p2
SAMN40160521_p1	SAMN40160521_p1,SAMN40160503_p2
SAMN13500476_p2	SAMN13500476_p2,SAMN12648297_p2
SAMN28767359_p1	SAMN28767359_p1,SAMN28767360_p1,SAMN53840724_p1,SAMN15510355_p1
SAMN35555507_p1	SAMN35555507_p1,SAMN12648260_p1
SAMEA4530654_p1	SAMEA4530654_p1,SAMN14078808_p1,SAMN11056492_p2
SAMN04320555_p2	SAMN04320555_p2,SAMN17225554_p1
SAMN06115650_p1	SAMN06115650_p1
SAMN56501506_p2	SAMN56501506_p2,SAMN14944057_p2,SAMN13897681_p1,SAMN03488023_p2,SAMN03488014_p1,SAMN03488011_p2,SAMN08984098_p4,SAMN12648263_p1
SAMN28494981_p3	SAMN28494981_p3
SAMN03571538_p2	SAMN03571538_p2,SAMN39716352_p4,SAMN39716348_p3,SAMN39716346_p2,SAMN35549258_p2
SAMN45093038_p3	SAMN45093038_p3,SAMN36689564_p3,SAMN48634481_p2,SAMN36689546_p1,SAMN39528351_p1,SAMN41254064_p2,SAMN12057866_p4
SAMN12648298_p4	SAMN12648298_p4
SAMN28767239_p4	SAMN28767239_p4
SAMN31656011_p1	SAMN31656011_p1
SAMN08634427_p1	SAMN08634427_p1,SAMN44286440_p2
SAMN14307063_p1	SAMN14307063_p1
SAMN05418143_p2	SAMN05418143_p2,SAMN22346956_p4,SAMN22346955_p3
SAMN13704165_p3	SAMN13704165_p3,SAMN07411659_p1,SAMN07367887_p1,SAMN13704147_p1,SAMN16268022_p1,SAMN16268021_p1,SAMN16268020_p2,SAMN13404285_p2
SAMN05302750_p3	SAMN05302750_p3
SAMN20805069_p1	SAMN20805069_p1,SAMN40561756_p1,SAMN31769754_p2,SAMN40571725_p1
SAMN30916801_p1	SAMN30916801_p1,SAMN07515190_p3,SAMEA115018381_p3
SAMN09208625_p2	SAMN09208625_p2,SAMN09355279_p2
SAMEA115018757_p1	SAMEA115018757_p1,SAMN20804977_p1,SAMN20931810_p1,SAMN20804978_p1,SAMN35555507_p2
SAMN15206675_p1	SAMN15206675_p1
SAMN24907466_p3	SAMN24907466_p3,SAMN28494990_p5,SAMN56917241_p4,SAMN28494984_p3,SAMN03580733_p3,SAMN20805052_p1,SAMN28495015_p6,SAMN20805056_p1,SAMN53906747_p3,SAMN04867927_p1,SAMN15667315_p1,SAMN28767232_p2
SAMN40571795_p2	SAMN40571795_p2
SAMN04256437_p2	SAMN04256437_p2,SAMN04256438_p2
SAMN26742818_p2	SAMN26742818_p2,SAMN30916814_p1
SAMN28672590_p1	SAMN28672590_p1
SAMN47931894_p1	SAMN47931894_p1
SAMN40891659_p2	SAMN40891659_p2
SAMN41842413_p3	SAMN41842413_p3
SAMN05768151_p3	SAMN05768151_p3
SAMN24777693_p2	SAMN24777693_p2
SAMN28767317_p2	SAMN28767317_p2
SAMN28495007_p2	SAMN28495007_p2
SAMN05271497_p1	SAMN05271497_p1,SAMN19471644_p1
SAMN36689551_p1	SAMN36689551_p1
SAMN24372623_p2	SAMN24372623_p2
SAMN24372623_p1	SAMN24372623_p1
SAMN32406750_p2	SAMN32406750_p2,SAMN07338055_p5,SAMN53840729_p4,SAMN16057424_p3,SAMN16057404_p2,SAMN28232995_p2,SAMN16057402_p2
SAMN37830366_p1	SAMN37830366_p1
SAMN10362184_p2	SAMN10362184_p2
SAMN32406232_p1	SAMN32406232_p1,SAMN32406234_p2
SAMN30916812_p4	SAMN30916812_p4,SAMN30916815_p3
SAMN08982483_p2	SAMN08982483_p2
SAMN41842413_p1	SAMN41842413_p1
SAMN33278197_p2	SAMN33278197_p2,SAMN33330963_p1
SAMN12668376_p2	SAMN12668376_p2
SAMN09355280_p1	SAMN09355280_p1
SAMN18961237_p2	SAMN18961237_p2,SAMN33297839_p2,SAMN33296474_p1,SAMN29328590_p2,SAMN13165149_p1,SAMN12057806_p2
SAMN21355259_p1	SAMN21355259_p1
SAMN15818768_p3	SAMN15818768_p3,SAMN18673071_p3,SAMN41254073_p2,SAMN00621717_p2
SAMN13023390_p4	SAMN13023390_p4
SAMN02435859_p3	SAMN02435859_p3,SAMN36689566_p1,SAMN12057864_p2
SAMN10397789_p1	SAMN10397789_p1,SAMN10397795_p1,SAMN10397796_p1,SAMN10397792_p1,SAMN10397791_p1
SAMN12668404_p1	SAMN12668404_p1
SAMN09662877_p2	SAMN09662877_p2,SAMN27723935_p3,SAMN37977889_p1,SAMN37977886_p1
SAMN13404287_p2	SAMN13404287_p2,SAMN07350479_p1
SAMN13500477_p1	SAMN13500477_p1
SAMN28767271_p6	SAMN28767271_p6,SAMN49835444_p3,SAMN28767294_p4,SAMN17215411_p1,SAMN03996338_p3,SAMN03996330_p2,SAMN02603463_p3,SAMEA4384071_p3,SAMD00041824_p1,SAMN28767223_p3,SAMEA115610386_p1
SAMN12648275_p1	SAMN12648275_p1
SAMN40566081_p2	SAMN40566081_p2,SAMN28767273_p2
SAMN29790272_p2	SAMN29790272_p2,SAMN08329261_p2,SAMN08329248_p2,SAMN08329245_p2,SAMN08329244_p2,SAMN08329243_p1,SAMN08329242_p2,SAMN08329240_p2,SAMN08329259_p1,SAMN08329256_p1,SAMN08329253_p2,SAMN08329246_p1,SAMN08329238_p1,SAMN08329255_p2,SAMN08329252_p2
SAMN40160509_p2	SAMN40160509_p2,SAMN08622871_p2
SAMN39200978_p1	SAMN39200978_p1
SAMN24593215_p1	SAMN24593215_p1
SAMN32406675_p2	SAMN32406675_p2,SAMN32406713_p3,SAMN07337861_p1
SAMN26741402_p1	SAMN26741402_p1,SAMN40891089_p2
SAMN05860636_p1	SAMN05860636_p1,SAMN05860645_p2,SAMN05860642_p1,SAMN05860641_p1,SAMN05860640_p1,SAMN05860639_p1,SAMN05860638_p1,SAMN05860637_p1,SAMN05860644_p3,SAMN40566114_p4,SAMN28495053_p3
SAMN41809252_p3	SAMN41809252_p3
SAMN40032386_p1	SAMN40032386_p1
SAMN38736038_p2	SAMN38736038_p2
SAMN07192612_p2	SAMN07192612_p2,SAMN11029208_p1,SAMN16268018_p2,SAMN56681730_p1,SAMN56681729_p1,SAMN56681724_p1,SAMN13897694_p1,SAMN56501507_p3,SAMN16268012_p3,SAMN16268010_p3,SAMN12136324_p3,SAMN04168691_p3,SAMN03104885_p3,SAMN41189539_p1,SAMN41144949_p2,SAMN13376861_p1
SAMN56501511_p3	SAMN56501511_p3,SAMN56501515_p1,SAMN56501514_p1,SAMN56501513_p3,SAMN56501517_p2,SAMN56501516_p3,SAMN56501512_p1
SAMN17159947_p1	SAMN17159947_p1,SAMN12057819_p2,SAMN03248305_p1,SAMN12057812_p1,SAMN13897696_p1
SAMN14861780_p3	SAMN14861780_p3,SAMN39716349_p3
SAMN22346944_p1	SAMN22346944_p1
SAMN18298720_p1	SAMN18298720_p1,SAMN18298719_p2
SAMN05302751_p1	SAMN05302751_p1
SAMN09386766_p2	SAMN09386766_p2,SAMN09386767_p1,SAMN40604332_p2,SAMN09386771_p2
SAMN39962933_p3	SAMN39962933_p3
SAMN28495048_p3	SAMN28495048_p3
SAMN56917247_p1	SAMN56917247_p1,SAMN56917248_p1
SAMN41809262_p2	SAMN41809262_p2
SAMN41107815_p2	SAMN41107815_p2,SAMN03010512_p2
SAMN05418079_p3	SAMN05418079_p3,SAMN05418093_p2
SAMN32407413_p2	SAMN32407413_p2,SAMN39962932_p2
SAMN36689552_p1	SAMN36689552_p1,SAMN12057868_p1
SAMN02472128_p1	SAMN02472128_p1,SAMN02470295_p1
SAMN40717398_p3	SAMN40717398_p3
SAMN48588238_p2	SAMN48588238_p2,SAMN28495055_p6,SAMN40564672_p1,SAMN40560850_p1
SAMD00046905_p2	SAMD00046905_p2,SAMN03996321_p1,SAMEA3539715_p1,SAMN24593216_p3
SAMN40566047_p2	SAMN40566047_p2
SAMN24593214_p4	SAMN24593214_p4
SAMN10963736_p4	SAMN10963736_p4
SAMN32218570_p1	SAMN32218570_p1
SAMN47931894_p3	SAMN47931894_p3,SAMN28495054_p2,SAMN40566114_p5
SAMN24777698_p2	SAMN24777698_p2,SAMN40566076_p1
SAMN10880809_p3	SAMN10880809_p3
SAMN41079251_p2	SAMN41079251_p2,SAMN24907462_p1,SAMN40584485_p1,SAMN39716335_p2
SAMN04320555_p3	SAMN04320555_p3,SAMN17225554_p2
SAMN28495054_p1	SAMN28495054_p1
SAMN15597497_p1	SAMN15597497_p1
SAMN20805070_p1	SAMN20805070_p1
SAMEA12312935_p1	SAMEA12312935_p1,SAMEA12312936_p1
SAMN10702681_p2	SAMN10702681_p2,SAMN12648298_p2
SAMN40571705_p1	SAMN40571705_p1
SAMN40717405_p1	SAMN40717405_p1
SAMN53317749_p1	SAMN53317749_p1
SAMN09208625_p3	SAMN09208625_p3,SAMN09355279_p3
SAMN06105395_p3	SAMN06105395_p3,SAMD00041797_p9,SAMD00169732_p3
SAMN05418134_p2	SAMN05418134_p2,SAMN05418180_p2,SAMN05418093_p1,SAMN05418200_p1,SAMN05418035_p2,SAMN05418039_p3,SAMN05418030_p2,SAMN05418079_p1,SAMN21399768_p2
SAMN03996322_p6	SAMN03996322_p6,SAMN28495047_p2
SAMN29328604_p3	SAMN29328604_p3,SAMN55338815_p1,SAMN12648262_p1
SAMN10702681_p3	SAMN10702681_p3,SAMN10702681_p1
SAMN39105730_p1	SAMN39105730_p1
SAMN48586872_p1	SAMN48586872_p1,SAMN48586873_p2
SAMN29939551_p1	SAMN29939551_p1,SAMN54103316_p1,SAMN47514229_p1,SAMN40298401_p1,SAMN38186253_p1,SAMN03178087_p1,SAMN05302747_p1,SAMD00046757_p1
SAMN09386781_p2	SAMN09386781_p2
SAMN50800681_p2	SAMN50800681_p2,SAMN45047349_p2,SAMN48484929_p5,SAMN03996254_p2,SAMN40573829_p2,SAMN28495006_p3
SAMN40574063_p1	SAMN40574063_p1,SAMN53829445_p2
SAMN05418054_p1	SAMN05418054_p1,SAMN05418175_p3,SAMN05418084_p2
SAMN48586876_p5	SAMN48586876_p5
SAMN02741374_p3	SAMN02741374_p3
SAMN20805043_p1	SAMN20805043_p1
SAMN14944058_p4	SAMN14944058_p4
SAMN13704164_p2	SAMN13704164_p2,SAMN12648314_p1,SAMN05590418_p1,SAMN05590417_p1,SAMN05590413_p2,SAMN05590410_p1,SAMN05590403_p2,SAMN04256436_p1,SAMN02943003_p1,SAMN02435841_p1,SAMN02693888_p1,SAMN49713707_p3,SAMN49713706_p3,SAMN49713705_p2,SAMN40207229_p1,SAMN40207228_p3,SAMN31618921_p1,SAMN29637730_p1,SAMN26804327_p1,SAMN13887713_p1,SAMN13887712_p2,SAMN13887711_p1,SAMN13166158_p3,SAMN09356179_p3,SAMN09356177_p3,SAMN03996319_p3,SAMN02604040_p3,SAMN02603898_p3,SAMN00989304_p1,SAMN03014086_p1
SAMN28495016_p5	SAMN28495016_p5,SAMN28495025_p2,SAMN48588248_p2,SAMN48588024_p2,SAMN39962933_p8,SAMN50800679_p3,SAMN28767276_p5,SAMN28767275_p3,SAMN15667314_p3,SAMEA7060543_p2,SAMN17385173_p2
SAMN38494069_p2	SAMN38494069_p2
SAMN48586876_p2	SAMN48586876_p2
SAMN20805055_p1	SAMN20805055_p1
SAMN03996322_p2	SAMN03996322_p2
SAMN02470293_p3	SAMN02470293_p3
SAMN44286686_p1	SAMN44286686_p1
SAMN41920658_p2	SAMN41920658_p2
SAMN20982394_p1	SAMN20982394_p1,SAMN48588025_p1
SAMN56518618_p1	SAMN56518618_p1,SAMN55333175_p7,SAMN50800692_p5,SAMN28767264_p1
SAMN14081013_p3	SAMN14081013_p3,SAMN25050337_p1
SAMN18298705_p1	SAMN18298705_p1
SAMN07337847_p2	SAMN07337847_p2,SAMN48588029_p1
SAMN04128477_p2	SAMN04128477_p2,SAMN07337992_p4
SAMN31656021_p5	SAMN31656021_p5,SAMN31656032_p4,SAMN31656028_p2,SAMN31656023_p2,SAMN31656022_p2
SAMN02712353_p3	SAMN02712353_p3
SAMN15654241_p1	SAMN15654241_p1,SAMN11877823_p3
SAMN30418570_p2	SAMN30418570_p2,SAMN30418580_p2
SAMN15206675_p3	SAMN15206675_p3,SAMN28767258_p1
SAMN44841005_p2	SAMN44841005_p2,SAMN03349353_p3
SAMN40160524_p1	SAMN40160524_p1
SAMN05418245_p1	SAMN05418245_p1
SAMN18298714_p1	SAMN18298714_p1
SAMN40160512_p3	SAMN40160512_p3,SAMN40160519_p3,SAMN40160516_p2,SAMN40160511_p2,SAMN05590416_p3
SAMN41920696_p1	SAMN41920696_p1,SAMN28494988_p1,SAMN18298729_p4
SAMN28767221_p10	SAMN28767221_p10,SAMN20982569_p2
SAMN09386759_p3	SAMN09386759_p3
SAMN40584483_p1	SAMN40584483_p1,SAMN40584484_p2
SAMN56681718_p2	SAMN56681718_p2
SAMN05418135_p2	SAMN05418135_p2
SAMN40573877_p1	SAMN40573877_p1
SAMN18298723_p3	SAMN18298723_p3,SAMN18298725_p3,SAMN18298690_p3,SAMN41079253_p3
SAMN02368290_p1	SAMN02368290_p1,SAMN41518078_p1,SAMN46862181_p1
SAMN53906732_p2	SAMN53906732_p2,SAMN33548586_p3
SAMN53840721_p2	SAMN53840721_p2
SAMN40584504_p2	SAMN40584504_p2,SAMN15667317_p2
SAMN12168603_p1	SAMN12168603_p1,SAMN07350472_p1,SAMN04256431_p1
SAMN15755100_p1	SAMN15755100_p1
SAMN28494997_p1	SAMN28494997_p1,SAMN28494995_p3
SAMN48586875_p2	SAMN48586875_p2
SAMN43405766_p1	SAMN43405766_p1
SAMN12648298_p3	SAMN12648298_p3
SAMN02393817_p1	SAMN02393817_p1,SAMN02951904_p1
SAMN18298707_p2	SAMN18298707_p2
SAMEA120785982_p1	SAMEA120785982_p1
SAMN40584261_p1	SAMN40584261_p1
SAMEA115018499_p2	SAMEA115018499_p2,SAMN18238045_p2,SAMEA2591295_p1,SAMN18238084_p1,SAMEA2591298_p2,SAMEA2591297_p3,SAMEA115017153_p3
SAMN20982445_p1	SAMN20982445_p1
SAMEA2594004_p1	SAMEA2594004_p1,SAMN18238032_p1,SAMN10362069_p2,SAMN10362068_p2
SAMN12671088_p2	SAMN12671088_p2
SAMN07337904_p1	SAMN07337904_p1
SAMN32407399_p1	SAMN32407399_p1,SAMN28494984_p2
SAMN02741392_p3	SAMN02741392_p3
SAMN15667311_p4	SAMN15667311_p4
SAMN12057824_p1	SAMN12057824_p1,SAMN36689558_p1
SAMN09355280_p2	SAMN09355280_p2
SAMEA115018341_p2	SAMEA115018341_p2,SAMN16339685_p2
SAMN06198342_p1	SAMN06198342_p1,SAMN37852906_p1
SAMN14923068_p1	SAMN14923068_p1
SAMN40891646_p1	SAMN40891646_p1
SAMD00428684_p1	SAMD00428684_p1,SAMEA4029004_p2
SAMN34315296_p2	SAMN34315296_p2
SAMN41809272_p2	SAMN41809272_p2
SAMN06209376_p1	SAMN06209376_p1
SAMN28495055_p3	SAMN28495055_p3
SAMN24245020_p3	SAMN24245020_p3,SAMN10829924_p2
SAMN10688326_p2	SAMN10688326_p2
SAMN53840714_p3	SAMN53840714_p3,SAMN28767259_p1,SAMN28767215_p1
SAMN18298708_p4	SAMN18298708_p4
SAMN02470293_p4	SAMN02470293_p4
SAMN13500486_p2	SAMN13500486_p2
SAMN53906733_p2	SAMN53906733_p2,SAMN40717408_p1
SAMN56681722_p1	SAMN56681722_p1
SAMN14752703_p6	SAMN14752703_p6,SAMN26804321_p1
SAMN35557944_p1	SAMN35557944_p1
SAMN41079250_p1	SAMN41079250_p1
SAMN40717398_p4	SAMN40717398_p4
SAMN50800673_p1	SAMN50800673_p1
SAMN12648291_p2	SAMN12648291_p2
SAMN07338005_p2	SAMN07338005_p2
SAMN05418237_p1	SAMN05418237_p1,SAMN05418044_p1,SAMN05418191_p2,SAMN11522376_p1
SAMEA115018493_p5	SAMEA115018493_p5,SAMN18238083_p5,SAMN18238082_p3,SAMEA115018495_p3,SAMN18238081_p7,SAMEA115018494_p7
SAMN12648260_p3	SAMN12648260_p3
SAMN55333177_p4	SAMN55333177_p4
SAMN05418089_p1	SAMN05418089_p1
SAMN32406394_p3	SAMN32406394_p3
SAMN03470190_p2	SAMN03470190_p2
SAMN06169655_p4	SAMN06169655_p4
SAMN15667316_p4	SAMN15667316_p4
SAMN24593211_p2	SAMN24593211_p2
SAMN28495042_p1	SAMN28495042_p1
SAMN15667313_p1	SAMN15667313_p1
SAMN42940264_p3	SAMN42940264_p3
SAMN12123413_p2	SAMN12123413_p2
SAMN24593137_p3	SAMN24593137_p3
SAMN56917242_p2	SAMN56917242_p2
SAMN16057398_p1	SAMN16057398_p1
SAMN40560781_p2	SAMN40560781_p2,SAMN40561044_p3,SAMN40560813_p2,SAMN40560812_p3
SAMN28767221_p7	SAMN28767221_p7
SAMN19957698_p1	SAMN19957698_p1,SAMN19957697_p1,SAMN52650544_p1,SAMN28690470_p1,SAMN47329818_p1,SAMN19957700_p1,SAMN19957703_p1,SAMN19957702_p1,SAMN19957701_p4,SAMN19957699_p2,SAMN19957696_p1
SAMN18298673_p2	SAMN18298673_p2,SAMN52650545_p1
SAMN34315296_p1	SAMN34315296_p1,SAMN00989276_p2
SAMN18298697_p5	SAMN18298697_p5
SAMN28511831_p1	SAMN28511831_p1
SAMN47436122_p1	SAMN47436122_p1
SAMN41920674_p3	SAMN41920674_p3
SAMN52950332_p4	SAMN52950332_p4,SAMN49797555_p2,SAMN12057803_p1,SAMN16072619_p2,SAMN16072617_p1,SAMN16072615_p1,SAMN16072618_p2,SAMN07367889_p1,SAMN18673066_p1,SAMN18673062_p1,SAMN12057869_p2,SAMN29328604_p2,SAMN12648311_p1,SAMN10360548_p1,SAMN12168575_p5,SAMN12168586_p2,SAMN12057823_p1,SAMN27723935_p1,SAMN12648267_p2,SAMN03996329_p2,SAMN02693882_p1,SAMEA115014864_p1,SAMEA115013431_p1
SAMN41254067_p4	SAMN41254067_p4,SAMN41254074_p3,SAMN07411660_p2,SAMN36689548_p1
SAMN09386766_p4	SAMN09386766_p4
SAMN28495028_p3	SAMN28495028_p3
SAMN01923895_p2	SAMN01923895_p2
SAMN10362060_p2	SAMN10362060_p2
SAMN18298672_p1	SAMN18298672_p1
SAMN13023394_p1	SAMN13023394_p1,SAMN13023392_p4
SAMN33237140_p2	SAMN33237140_p2
SAMN56518618_p4	SAMN56518618_p4,SAMN55333175_p8,SAMN50800692_p7
SAMN17188296_p1	SAMN17188296_p1
SAMN32407400_p3	SAMN32407400_p3
SAMN24593215_p2	SAMN24593215_p2
SAMN07338191_p4	SAMN07338191_p4
SAMN08329236_p2	SAMN08329236_p2,SAMN08329262_p2,SAMN08329260_p3,SAMN08329251_p2,SAMN08329249_p3,SAMN10397788_p2,SAMN08329257_p1,SAMN08329254_p2,SAMN08329250_p2
SAMN45916484_p1	SAMN45916484_p1,SAMN45916491_p1
SAMN24593212_p2	SAMN24593212_p2
SAMN06198347_p1	SAMN06198347_p1
SAMN12404565_p2	SAMN12404565_p2,SAMN28494980_p2,SAMN30000174_p3
SAMN12668377_p3	SAMN12668377_p3,SAMN48881381_p4
SAMN32406237_p1	SAMN32406237_p1
SAMD00428689_p1	SAMD00428689_p1,SAMN18238018_p1,SAMN18238004_p1,SAMN10362066_p1,SAMEA2591296_p2,SAMEA115018503_p1,SAMEA115018502_p1,SAMEA115017865_p1,SAMEA115017152_p2,SAMN10362288_p1,SAMN10362287_p1,SAMEA115017871_p1,SAMEA115017866_p1,SAMN18238049_p2,SAMN18238048_p3,SAMN18238046_p1,SAMN18238042_p2,SAMEA115018500_p2,SAMEA115018498_p3,SAMEA115018497_p1,SAMEA115018496_p2
SAMN24907464_p1	SAMN24907464_p1
SAMN02603955_p2	SAMN02603955_p2
SAMN41905141_p1	SAMN41905141_p1
SAMN08329238_p2	SAMN08329238_p2,SAMN08329242_p1,SAMN08329261_p1,SAMN08329256_p2,SAMN08329255_p1,SAMN08329252_p1,SAMN08329248_p1,SAMN08329247_p1,SAMN08329246_p2,SAMN08329245_p1,SAMN08329244_p1,SAMN08329243_p2,SAMN08329240_p1,SAMN08329258_p2,SAMN08329253_p1,SAMN08329259_p2
SAMN29790256_p1	SAMN29790256_p1
SAMN19957696_p3	SAMN19957696_p3,SAMN52650544_p2,SAMN28690470_p2,SAMN19957703_p2,SAMN19957700_p3,SAMN19957699_p3,SAMN56792215_p2,SAMN47329818_p2,SAMN19957702_p3,SAMN19957701_p9,SAMN19957698_p2,SAMN19957697_p2,SAMN18035572_p1,SAMN28767216_p4,SAMN28494996_p2
SAMN40232154_p1	SAMN40232154_p1,SAMN40232190_p1
SAMN48586871_p5	SAMN48586871_p5
SAMN40891653_p2	SAMN40891653_p2
SAMN02368294_p1	SAMN02368294_p1,SAMN31329111_p2
SAMN47931951_p1	SAMN47931951_p1
SAMN48484929_p2	SAMN48484929_p2
SAMN38476522_p1	SAMN38476522_p1,SAMN38476515_p1,SAMN06484213_p1,SAMN12057883_p1,SAMN40032386_p3
SAMN06013688_p2	SAMN06013688_p2
SAMN28495012_p4	SAMN28495012_p4
SAMN06066420_p1	SAMN06066420_p1,SAMN08329234_p2,SAMN08329233_p3
SAMN43405767_p4	SAMN43405767_p4
SAMN44286688_p1	SAMN44286688_p1,SAMN42762578_p1
SAMN47931905_p2	SAMN47931905_p2
SAMN40453155_p1	SAMN40453155_p1
SAMN45864672_p1	SAMN45864672_p1
SAMN18298691_p1	SAMN18298691_p1
SAMN05418078_p2	SAMN05418078_p2
SAMN11937831_p4	SAMN11937831_p4,SAMN32400396_p7,SAMN32400390_p3,SAMN32400388_p4
SAMN40627812_p2	SAMN40627812_p2
SAMN02470483_p2	SAMN02470483_p2
SAMN46862179_p2	SAMN46862179_p2
SAMN54210353_p4	SAMN54210353_p4,SAMN28767240_p2
SAMN03280973_p2	SAMN03280973_p2,SAMN03280974_p2
SAMN06076929_p1	SAMN06076929_p1
SAMN48586870_p1	SAMN48586870_p1
SAMN28494981_p2	SAMN28494981_p2,SAMN28767261_p4,SAMN28767220_p5,SAMN28767219_p3,SAMN28767210_p3,SAMN28495013_p2
SAMN07337872_p3	SAMN07337872_p3,SAMN48588250_p2,SAMN28767255_p2,SAMN28767254_p3,SAMN18298727_p1,SAMN39962930_p3
SAMN28767274_p1	SAMN28767274_p1
SAMN36689570_p3	SAMN36689570_p3,SAMN08982504_p2
SAMN32411283_p2	SAMN32411283_p2
SAMN48588016_p1	SAMN48588016_p1
SAMN10970911_p1	SAMN10970911_p1,SAMN36689570_p1,SAMN34993711_p1,SAMN16072595_p2,SAMN12288794_p2,SAMN12288754_p2,SAMN04417215_p1
SAMN28767305_p2	SAMN28767305_p2,SAMN28767307_p2,SAMN07337979_p2,SAMN11536928_p2
SAMN07338224_p2	SAMN07338224_p2
SAMN07739070_p1	SAMN07739070_p1
SAMN07338200_p2	SAMN07338200_p2
SAMN09270229_p3	SAMN09270229_p3
SAMN07350482_p1	SAMN07350482_p1,SAMN08984086_p1,SAMN05590402_p2,SAMN45949673_p3
SAMN28767241_p2	SAMN28767241_p2
SAMN33548586_p2	SAMN33548586_p2
SAMN02910586_p2	SAMN02910586_p2,SAMN35549253_p3,SAMN35346009_p2,SAMN53840713_p1,SAMN35549254_p3,SAMN35346016_p2,SAMN35346004_p2,SAMN35346003_p2,SAMN35346002_p2,SAMN07818924_p3
SAMN44286666_p1	SAMN44286666_p1
SAMN12057821_p1	SAMN12057821_p1,SAMN12057827_p1,SAMN06263908_p1,SAMEA115017416_p1
SAMN05418222_p2	SAMN05418222_p2
SAMN28672590_p3	SAMN28672590_p3
SAMN50800672_p2	SAMN50800672_p2,SAMN12668396_p4,SAMN28495005_p4
SAMN33423629_p2	SAMN33423629_p2
SAMD00428691_p1	SAMD00428691_p1,SAMEA4755329_p1,SAMEA115017902_p1
SAMN15667317_p3	SAMN15667317_p3
SAMN41071121_p1	SAMN41071121_p1
SAMN35555508_p2	SAMN35555508_p2
SAMN03795179_p2	SAMN03795179_p2
SAMN08329235_p1	SAMN08329235_p1,SAMN02741392_p2,SAMN56518618_p3,SAMN06066439_p1,SAMN55333175_p3,SAMN50800692_p2,SAMN07337972_p1,SAMN39524499_p2
SAMN24593218_p3	SAMN24593218_p3
SAMN40560757_p4	SAMN40560757_p4
SAMN24777710_p1	SAMN24777710_p1
SAMN37977892_p1	SAMN37977892_p1,SAMN13704151_p1,SAMN08741634_p1,SAMN08982525_p1,SAMN12839210_p1,SAMN34993723_p1,SAMN34993722_p1,SAMN34993721_p1,SAMN34993718_p1,SAMN34993716_p2,SAMN34993715_p1,SAMN34993710_p1,SAMN34993708_p1,SAMN34993707_p1,SAMN34993706_p1,SAMN34993705_p1,SAMN34993704_p1,SAMN34993703_p1,SAMN16268003_p2,SAMN15930188_p2,SAMN15930180_p2,SAMN15930116_p2,SAMN15929483_p2,SAMN15756141_p1,SAMN14687401_p1,SAMN13734989_p1,SAMN13387619_p1,SAMN13387475_p1,SAMN13387474_p1,SAMN12740356_p2,SAMN12648321_p1,SAMN11287978_p1,SAMN11125784_p1,SAMN11125768_p1,SAMN10266075_p1,SAMN10266072_p2,SAMN08721838_p2,SAMN07599805_p3,SAMN06920125_p2,SAMN06263904_p1,SAMN06263903_p1,SAMN06263902_p3,SAMN06263901_p1,SAMN06263900_p3,SAMN06263898_p3,SAMN06263883_p1,SAMN06263882_p1,SAMN06263876_p3,SAMN06263875_p3,SAMN06263874_p1,SAMN06263873_p1,SAMN06263872_p1,SAMN06263871_p1,SAMN06263866_p1,SAMN06263865_p1,SAMN06263864_p1,SAMN06263860_p1,SAMN04417250_p1,SAMN04256439_p2,SAMN04023225_p2,SAMN03839350_p3,SAMN02693883_p4,SAMN02603569_p1,SAMN02470062_p1,SAMEA889337_p1,SAMEA889336_p2,SAMEA889331_p1,SAMEA889329_p1,SAMN10266076_p1,SAMN03839372_p4,SAMN06768133_p1,SAMN16072607_p2,SAMN16072599_p4,SAMN08982523_p1,SAMN13165180_p1
SAMN28767230_p5	SAMN28767230_p5
SAMN08805478_p1	SAMN08805478_p1,SAMN08805475_p1,SAMN08810093_p1
SAMN39606344_p3	SAMN39606344_p3
SAMN28767216_p1	SAMN28767216_p1
SAMN18298729_p5	SAMN18298729_p5,SAMN18298686_p2
SAMN03021533_p4	SAMN03021533_p4
SAMEA7061698_p1	SAMEA7061698_p1
SAMN40571841_p2	SAMN40571841_p2
SAMN48588012_p1	SAMN48588012_p1,SAMN48588013_p1
SAMD00178443_p1	SAMD00178443_p1
SAMN08984076_p2	SAMN08984076_p2,SAMN36689549_p1
SAMN18298688_p1	SAMN18298688_p1
SAMN53840710_p3	SAMN53840710_p3
SAMN02368286_p3	SAMN02368286_p3
SAMN53317748_p2	SAMN53317748_p2
SAMN07350489_p2	SAMN07350489_p2,SAMN07350499_p3
SAMN12648281_p1	SAMN12648281_p1
SAMN02712353_p6	SAMN02712353_p6,SAMN48588013_p2,SAMN48588012_p2,SAMN40584487_p2
SAMN40584504_p3	SAMN40584504_p3
SAMN32610147_p3	SAMN32610147_p3
SAMN56917243_p2	SAMN56917243_p2
SAMN02393808_p2	SAMN02393808_p2
SAMN32407258_p2	SAMN32407258_p2,SAMN32407525_p1,SAMN32407397_p2
SAMN18298726_p2	SAMN18298726_p2
SAMN06013680_p2	SAMN06013680_p2
SAMEA112324424_p1	SAMEA112324424_p1,SAMN09742580_p2,SAMEA112324434_p1,SAMN04358132_p2,SAMN04358201_p1
SAMEA3443777_p2	SAMEA3443777_p2
SAMN36689569_p1	SAMN36689569_p1
SAMN07350470_p2	SAMN07350470_p2
SAMN18298695_p2	SAMN18298695_p2
SAMN47772594_p2	SAMN47772594_p2
SAMN35346011_p5	SAMN35346011_p5
SAMN40604358_p1	SAMN40604358_p1
SAMN37977894_p1	SAMN37977894_p1
SAMN50800691_p1	SAMN50800691_p1
SAMN28495007_p3	SAMN28495007_p3,SAMN48588244_p1
SAMN05356867_p2	SAMN05356867_p2,SAMN05356867_p1
SAMN12057876_p1	SAMN12057876_p1,SAMN13897681_p2,SAMN13897680_p3
SAMN12057860_p1	SAMN12057860_p1,SAMN02470633_p2,SAMEA115015359_p2,SAMN28767279_p4
SAMN12648299_p2	SAMN12648299_p2
SAMN05418134_p1	SAMN05418134_p1
SAMN20805048_p1	SAMN20805048_p1
SAMD00553063_p2	SAMD00553063_p2,SAMD00553064_p1,SAMN03323923_p3
SAMN18298722_p1	SAMN18298722_p1
SAMEA117660431_p4	SAMEA117660431_p4
SAMN04221167_p1	SAMN04221167_p1
SAMN18298690_p4	SAMN18298690_p4,SAMN18298723_p4,SAMN18298725_p4
SAMN39716322_p1	SAMN39716322_p1
SAMN12668394_p11	SAMN12668394_p11
SAMN18298672_p3	SAMN18298672_p3
SAMN28767227_p1	SAMN28767227_p1
SAMN28495044_p1	SAMN28495044_p1,SAMN18298706_p4,SAMN56792215_p3
SAMN32411345_p1	SAMN32411345_p1,SAMN39962931_p2,SAMN33277152_p2,SAMN20982581_p2
SAMN12057836_p2	SAMN12057836_p2,SAMN02693891_p2,SAMN13897693_p2
SAMN15763361_p1	SAMN15763361_p1
SAMN15829766_p2	SAMN15829766_p2,SAMN32407812_p1,SAMN32407667_p1
SAMN52217892_p1	SAMN52217892_p1
SAMEA112324421_p4	SAMEA112324421_p4,SAMN03195665_p3
SAMN05418137_p1	SAMN05418137_p1
SAMN13897687_p1	SAMN13897687_p1,SAMN13897688_p2,SAMN13897682_p1
SAMN43405764_p1	SAMN43405764_p1,SAMN43405768_p1,SAMN43405765_p2
SAMN04508217_p2	SAMN04508217_p2,SAMN31656010_p1,SAMN31656009_p2,SAMN31656008_p2,SAMN31656032_p2,SAMN31656028_p3,SAMN31656023_p1,SAMN31656022_p3,SAMN31656021_p3
SAMN36689559_p3	SAMN36689559_p3,SAMN26804331_p2,SAMN26804330_p2,SAMN26804329_p2,SAMN26804326_p1,SAMN08982488_p2,SAMN13704150_p1
SAMN32411288_p1	SAMN32411288_p1
SAMN09878769_p1	SAMN09878769_p1
SAMN28495001_p3	SAMN28495001_p3
SAMN24593214_p5	SAMN24593214_p5,SAMN18795813_p1
SAMN02940923_p2	SAMN02940923_p2,SAMN12668405_p2
SAMN15889509_p1	SAMN15889509_p1
SAMN40565714_p1	SAMN40565714_p1
SAMD00019137_p1	SAMD00019137_p1,SAMN37830366_p2
SAMN32299956_p5	SAMN32299956_p5,SAMN04349747_p2,SAMEA112324416_p2,SAMN52217892_p3
SAMN29790243_p5	SAMN29790243_p5,SAMN18298718_p3,SAMN18298715_p2
SAMEA7061706_p2	SAMEA7061706_p2
SAMN03457164_p4	SAMN03457164_p4,SAMN32400396_p6,SAMN32400388_p3,SAMN32400390_p4
SAMN40717396_p4	SAMN40717396_p4
SAMN40571795_p3	SAMN40571795_p3
SAMN40571794_p1	SAMN40571794_p1
SAMN08741621_p1	SAMN08741621_p1
SAMN31841003_p3	SAMN31841003_p3
SAMN28495058_p1	SAMN28495058_p1,SAMN20982432_p2
SAMN12168608_p3	SAMN12168608_p3,SAMN09261050_p2
SAMN25050340_p2	SAMN25050340_p2,SAMN03996323_p1,SAMN33330972_p2
SAMN11522363_p3	SAMN11522363_p3,SAMN05418135_p3,SAMN11522360_p2,SAMN05418042_p2
SAMN06917282_p2	SAMN06917282_p2,SAMN03325855_p3
SAMN35555508_p1	SAMN35555508_p1,SAMN13500478_p1
SAMN53317748_p1	SAMN53317748_p1
SAMN03483372_p2	SAMN03483372_p2
SAMN39962933_p7	SAMN39962933_p7
SAMN10362072_p1	SAMN10362072_p1
SAMN40604373_p1	SAMN40604373_p1
SAMN10334306_p2	SAMN10334306_p2
SAMN40604354_p2	SAMN40604354_p2
SAMN03104881_p1	SAMN03104881_p1
SAMN17214697_p3	SAMN17214697_p3,SAMN51861946_p3,SAMN31840780_p1,SAMN40566047_p3,SAMN50800689_p1,SAMN48588028_p4
SAMN05418137_p3	SAMN05418137_p3,SAMN11522379_p1,SAMN05418089_p2
SAMN12648261_p1	SAMN12648261_p1
SAMN48588020_p1	SAMN48588020_p1,SAMN24245020_p4,SAMN17225554_p4,SAMN04320555_p5
SAMN18298732_p2	SAMN18298732_p2,SAMN41079253_p4,SAMN28767230_p7,SAMN10702675_p3,SAMN03799837_p4
SAMN53840719_p4	SAMN53840719_p4
SAMN28767317_p4	SAMN28767317_p4
SAMN40573830_p4	SAMN40573830_p4
SAMN07337856_p2	SAMN07337856_p2
SAMN12816916_p3	SAMN12816916_p3,SAMN18332103_p4
SAMN17298289_p2	SAMN17298289_p2
SAMN20805042_p2	SAMN20805042_p2,SAMN20805047_p2
SAMN05302748_p2	SAMN05302748_p2
SAMN24777697_p1	SAMN24777697_p1
SAMN43405762_p2	SAMN43405762_p2,SAMN42149892_p2
SAMN28495011_p1	SAMN28495011_p1,SAMN48586880_p2,SAMN42940255_p2,SAMN42940253_p2,SAMN42940250_p2,SAMN42940249_p2,SAMN39105901_p2
SAMN15763365_p1	SAMN15763365_p1
SAMN02179882_p3	SAMN02179882_p3,SAMN02368234_p2,SAMN02368233_p3,SAMN16783108_p2
SAMN29790240_p2	SAMN29790240_p2
SAMN40160499_p1	SAMN40160499_p1,SAMN40160503_p3
SAMEA12312943_p1	SAMEA12312943_p1
SAMN39716325_p4	SAMN39716325_p4
SAMN04441014_p3	SAMN04441014_p3
SAMN17298282_p4	SAMN17298282_p4
SAMN32407635_p2	SAMN32407635_p2,SAMN32407628_p3
SAMN06013685_p1	SAMN06013685_p1,SAMN06013690_p1
SAMN26982636_p1	SAMN26982636_p1,SAMN30942137_p1,SAMN26982635_p1,SAMN19769869_p1
SAMEA112157108_p2	SAMEA112157108_p2,SAMEA112157109_p2
SAMN29790269_p4	SAMN29790269_p4,SAMN29790271_p3
SAMN13023392_p3	SAMN13023392_p3,SAMN13023394_p2
SAMN40717412_p2	SAMN40717412_p2
SAMN56917246_p3	SAMN56917246_p3,SAMN28495026_p3
SAMN10362062_p3	SAMN10362062_p3
SAMN13897693_p1	SAMN13897693_p1
SAMN40571837_p3	SAMN40571837_p3
SAMN05418228_p1	SAMN05418228_p1
SAMN11522367_p1	SAMN11522367_p1
SAMN10362293_p2	SAMN10362293_p2
SAMN34128360_p1	SAMN34128360_p1,SAMN07338071_p1
SAMN28494995_p2	SAMN28494995_p2,SAMN28494997_p2
SAMN44286414_p2	SAMN44286414_p2
SAMN24777669_p1	SAMN24777669_p1
SAMN04349756_p1	SAMN04349756_p1,SAMN11547019_p1
SAMN15667309_p4	SAMN15667309_p4
SAMEA112157105_p2	SAMEA112157105_p2,SAMEA7061706_p3
SAMN12668361_p2	SAMN12668361_p2
SAMN43825322_p3	SAMN43825322_p3
SAMN32405628_p1	SAMN32405628_p1,SAMN28495033_p4
SAMN28495029_p3	SAMN28495029_p3
SAMN30308487_p1	SAMN30308487_p1
SAMN40571839_p2	SAMN40571839_p2
SAMN02708867_p1	SAMN02708867_p1
SAMN12648259_p2	SAMN12648259_p2
SAMN19769866_p1	SAMN19769866_p1,SAMN26982641_p1
SAMN05935526_p1	SAMN05935526_p1,SAMN11547020_p1,SAMN05935540_p2,SAMN05935532_p1,SAMN05935530_p1
SAMN02368266_p3	SAMN02368266_p3
SAMN12648253_p1	SAMN12648253_p1
SAMN05418176_p1	SAMN05418176_p1,SAMN02470480_p1
SAMN53840712_p3	SAMN53840712_p3
SAMN18298731_p3	SAMN18298731_p3
SAMN28767294_p3	SAMN28767294_p3,SAMN28767275_p2,SAMN28767276_p1
SAMEA112324418_p1	SAMEA112324418_p1
SAMN15567610_p1	SAMN15567610_p1,SAMN32406211_p1
SAMN40584504_p4	SAMN40584504_p4
SAMN28495058_p3	SAMN28495058_p3,SAMN50800684_p2
SAMN09742605_p1	SAMN09742605_p1
SAMN07739081_p4	SAMN07739081_p4
SAMN09386766_p3	SAMN09386766_p3
SAMEA8103025_p3	SAMEA8103025_p3,SAMN06166873_p2,SAMN04422052_p2
SAMEA115018432_p3	SAMEA115018432_p3,SAMN18024320_p3,SAMN18024319_p3,SAMEA115018436_p3,SAMN18024317_p3,SAMN18024316_p3,SAMN17378691_p3,SAMEA115018809_p3,SAMEA115018435_p3,SAMEA115018433_p3
SAMN37503413_p3	SAMN37503413_p3,SAMN15597500_p1
SAMEA4673371_p2	SAMEA4673371_p2
SAMN18238040_p3	SAMN18238040_p3
SAMN40453154_p1	SAMN40453154_p1
SAMN05302750_p4	SAMN05302750_p4
SAMEA8103032_p3	SAMEA8103032_p3,SAMN09742582_p3,SAMN39105912_p3
SAMN06209376_p2	SAMN06209376_p2
SAMEA120785988_p2	SAMEA120785988_p2
SAMN03195675_p3	SAMN03195675_p3,SAMN05301458_p3,SAMN05301360_p3
SAMN24593212_p4	SAMN24593212_p4
SAMN03795181_p2	SAMN03795181_p2
SAMN02471131_p2	SAMN02471131_p2
SAMN11547079_p2	SAMN11547079_p2,SAMN41518076_p1,SAMN41518075_p1,SAMN41518074_p1,SAMN41518073_p1,SAMN41518071_p2,SAMN41518070_p2,SAMN41518069_p2,SAMN41518068_p2,SAMN41518067_p1,SAMN41518065_p1,SAMN41518064_p1,SAMN41518063_p1,SAMN41518062_p1,SAMN41518061_p1,SAMN39783927_p2,SAMN39783926_p1,SAMN39783925_p2,SAMN39783924_p1,SAMN39783923_p2,SAMN39783922_p1,SAMN39783921_p2,SAMN39783920_p2,SAMN31329524_p1,SAMN12359103_p1,SAMN11547082_p1,SAMN11547081_p1,SAMN11547080_p1,SAMN11547078_p1,SAMN11547077_p1,SAMN11547075_p1,SAMN11547074_p2,SAMN11547068_p2,SAMN11547065_p1,SAMN11547064_p1,SAMN11547061_p1,SAMN11547057_p1,SAMN11547055_p2,SAMN11547054_p1,SAMN11547053_p1,SAMN11547052_p1,SAMN11547051_p2,SAMN11547050_p1,SAMN11547049_p1,SAMN11547048_p2,SAMN11547047_p1,SAMN11547046_p1,SAMN11547044_p1,SAMN11547042_p1,SAMN11547041_p1,SAMN11547039_p1,SAMN11547037_p1,SAMN11547036_p1,SAMN09742595_p1,SAMN09742590_p1,SAMN09742575_p1,SAMN09742574_p1,SAMEA8103016_p1,SAMN11547058_p2,SAMN11547056_p1,SAMN11547035_p1,SAMN11547033_p1,SAMN09737248_p1,SAMN11547073_p1,SAMN26343547_p1,SAMN11547045_p1
SAMN07338113_p1	SAMN07338113_p1
SAMN02470506_p1	SAMN02470506_p1
SAMN24777680_p1	SAMN24777680_p1,SAMN24777681_p2
SAMN05172610_p1	SAMN05172610_p1
SAMN02470507_p2	SAMN02470507_p2
SAMN15597509_p3	SAMN15597509_p3
SAMN33330974_p4	SAMN33330974_p4,SAMN33269782_p1,SAMN38108759_p2,SAMN26102238_p3,SAMN41105143_p2
SAMN39716334_p1	SAMN39716334_p1
SAMN08810099_p2	SAMN08810099_p2
SAMN29328586_p2	SAMN29328586_p2,SAMN29328587_p1,SAMN18298684_p3
SAMN45842239_p2	SAMN45842239_p2,SAMN45842241_p2,SAMN45842240_p2
SAMN28495034_p4	SAMN28495034_p4,SAMN28767237_p6
SAMN53906747_p2	SAMN53906747_p2
SAMN05417988_p2	SAMN05417988_p2
SAMN02712351_p2	SAMN02712351_p2
SAMN12288798_p2	SAMN12288798_p2
SAMN05418117_p2	SAMN05418117_p2,SAMN11522376_p2
SAMN12434698_p2	SAMN12434698_p2
SAMN02368321_p1	SAMN02368321_p1
SAMN15763358_p1	SAMN15763358_p1
SAMN32411316_p3	SAMN32411316_p3,SAMN34128363_p4
SAMN02252525_p1	SAMN02252525_p1
SAMN40717405_p2	SAMN40717405_p2
SAMN28767235_p2	SAMN28767235_p2,SAMN12838353_p2
SAMN13706869_p1	SAMN13706869_p1
SAMN40571705_p2	SAMN40571705_p2
SAMN29790268_p5	SAMN29790268_p5
SAMN24777688_p3	SAMN24777688_p3,SAMN24777689_p3,SAMN03358820_p1
SAMN12364843_p3	SAMN12364843_p3,SAMN12364844_p1
SAMN07338047_p2	SAMN07338047_p2
SAMN20805030_p1	SAMN20805030_p1
SAMN02368280_p2	SAMN02368280_p2,SAMN28495060_p2
SAMN31656012_p3	SAMN31656012_p3
SAMN41254075_p5	SAMN41254075_p5
SAMN53839611_p3	SAMN53839611_p3,SAMN11547031_p2,SAMN39706865_p3,SAMN39706864_p2,SAMN39706863_p1,SAMN39706862_p2
SAMN39606781_p1	SAMN39606781_p1
SAMN02746033_p1	SAMN02746033_p1
SAMN05418039_p2	SAMN05418039_p2
SAMN05418119_p2	SAMN05418119_p2
SAMN08329233_p1	SAMN08329233_p1,SAMN08329234_p1
SAMN09742665_p1	SAMN09742665_p1,SAMN11547067_p1,SAMN11547066_p1,SAMN11547043_p1,SAMN11547084_p1,SAMN03358831_p3
SAMN28767253_p4	SAMN28767253_p4
SAMN20982446_p2	SAMN20982446_p2
SAMN09694269_p2	SAMN09694269_p2,SAMN14884120_p3,SAMN14884119_p2,SAMN14884118_p2,SAMN14884117_p2,SAMN14884116_p2,SAMN09694275_p2,SAMN09694273_p2,SAMN09694270_p2
SAMN40584254_p1	SAMN40584254_p1
SAMN39105913_p3	SAMN39105913_p3
SAMN28767209_p2	SAMN28767209_p2
SAMN05935531_p1	SAMN05935531_p1,SAMN09742593_p1,SAMN09742591_p1,SAMN05935538_p1
SAMN05418219_p1	SAMN05418219_p1,SAMN05418240_p1
SAMN28495056_p3	SAMN28495056_p3
SAMN07338223_p1	SAMN07338223_p1
SAMN11998571_p3	SAMN11998571_p3
SAMN03996261_p3	SAMN03996261_p3
SAMN28495037_p2	SAMN28495037_p2,SAMN41920679_p3,SAMN28495038_p1
SAMEA2594004_p2	SAMEA2594004_p2
SAMN06110496_p1	SAMN06110496_p1
SAMN32406563_p3	SAMN32406563_p3
SAMN05418182_p1	SAMN05418182_p1
SAMN29790255_p3	SAMN29790255_p3
SAMN17298298_p1	SAMN17298298_p1
SAMN02368283_p1	SAMN02368283_p1,SAMN04441025_p1
SAMN52852906_p3	SAMN52852906_p3,SAMN29790250_p3,SAMN29790249_p3
SAMEA115018381_p2	SAMEA115018381_p2,SAMN07515190_p2
SAMN39716348_p1	SAMN39716348_p1,SAMN39716352_p1
SAMN07338045_p2	SAMN07338045_p2,SAMN20805049_p2
SAMN40573640_p3	SAMN40573640_p3
SAMN10362337_p1	SAMN10362337_p1
SAMN17298286_p1	SAMN17298286_p1
SAMD00169732_p2	SAMD00169732_p2
SAMN12648294_p3	SAMN12648294_p3
SAMEA115018504_p4	SAMEA115018504_p4,SAMN18237997_p4
SAMN03452290_p2	SAMN03452290_p2
SAMN45842236_p1	SAMN45842236_p1
SAMN12288745_p1	SAMN12288745_p1,SAMN12288753_p1
SAMN12604281_p2	SAMN12604281_p2,SAMN12604302_p3
SAMN40019047_p3	SAMN40019047_p3
SAMN41920687_p1	SAMN41920687_p1,SAMN41920704_p2
SAMN15763361_p3	SAMN15763361_p3
SAMN02604302_p1	SAMN02604302_p1,SAMN09742599_p1,SAMN11547021_p1,SAMN09742598_p1,SAMN05935527_p1,SAMN05935523_p2,SAMN05935539_p1
SAMN07338202_p5	SAMN07338202_p5
SAMN12668380_p1	SAMN12668380_p1
SAMN32407620_p2	SAMN32407620_p2
SAMN20805038_p6	SAMN20805038_p6
SAMN50800684_p3	SAMN50800684_p3
SAMN16560730_p3	SAMN16560730_p3
SAMN24907452_p4	SAMN24907452_p4
SAMN24593218_p2	SAMN24593218_p2
SAMN14087148_p1	SAMN14087148_p1
SAMN12168575_p1	SAMN12168575_p1
SAMN10334306_p4	SAMN10334306_p4
SAMN03323919_p1	SAMN03323919_p1,SAMN03323806_p1
SAMN21399768_p4	SAMN21399768_p4
SAMN04523674_p2	SAMN04523674_p2
SAMN39832058_p1	SAMN39832058_p1
SAMD00019138_p1	SAMD00019138_p1
SAMN14968934_p1	SAMN14968934_p1
SAMN06013691_p2	SAMN06013691_p2
SAMN05302750_p2	SAMN05302750_p2
SAMN20804975_p3	SAMN20804975_p3
SAMN20805043_p3	SAMN20805043_p3
SAMN05418030_p3	SAMN05418030_p3
SAMN05418043_p5	SAMN05418043_p5
SAMN52950332_p3	SAMN52950332_p3
SAMN07338103_p2	SAMN07338103_p2
SAMN28767313_p3	SAMN28767313_p3
SAMN20805065_p3	SAMN20805065_p3
SAMN18298686_p4	SAMN18298686_p4
SAMN48586871_p1	SAMN48586871_p1
SAMN32407669_p2	SAMN32407669_p2,SAMN43783629_p1,SAMN32650238_p1
SAMN41905203_p2	SAMN41905203_p2
SAMN30942188_p3	SAMN30942188_p3,SAMN26982640_p2
SAMN12668393_p3	SAMN12668393_p3,SAMN12668398_p2
SAMN48586871_p3	SAMN48586871_p3
SAMN05418043_p6	SAMN05418043_p6
SAMN48586871_p4	SAMN48586871_p4
SAMN05418042_p1	SAMN05418042_p1
SAMN41905203_p1	SAMN41905203_p1
SAMN48586871_p2	SAMN48586871_p2
SAMN12668393_p1	SAMN12668393_p1,SAMN12668398_p1
SAMN16844329_p1	SAMN16844329_p1
SAMN34993716_p1	SAMN34993716_p1
SAMN12169095_p1	SAMN12169095_p1
SAMN28767366_p1	SAMN28767366_p1
